age,workclass,fnlwgt,education,education-num,marital-status,occupation,relationship,race,sex,capital-gain,capital-loss,hours-per-week,native-country,income_gt_50k
38,Private,95647,HS-grad,9,Never-married,Adm-clerical,Own-child,Asian-Pac-Islander,Male,0,0,30,United-States,0
18,Private,133055,HS-grad,9,Never-married,Other-service,Own-child,White,Female,0,0,30,United-States,0
58,Local-gov,36091,Masters,14,Never-married,Exec-managerial,Not-in-family,Amer-Indian-Eskimo,Female,0,0,40,United-States,0
63,Private,236338,HS-grad,9,Married-civ-spouse,Sales,Wife,White,Female,0,0,35,United-States,0
35,Private,48915,Bachelors,13,Never-married,Adm-clerical,Not-in-family,White,Male,0,0,40,United-States,0
31,Private,45604,HS-grad,9,Married-civ-spouse,Exec-managerial,Husband,White,Male,0,0,54,United-States,0
40,Private,121718,Bachelors,13,Divorced,Exec-managerial,Not-in-family,White,Male,0,0,55,United-States,1
31,Private,238002,Bachelors,13,Married-civ-spouse,Transport-moving,Husband,White,Male,0,0,55,Mexico,0
32,State-gov,131588,Some-college,10,Never-married,Tech-support,Unmarried,Black,Female,0,0,20,United-States,0
38,Private,131827,Bachelors,13,Married-civ-spouse,Craft-repair,Husband,White,Male,0,0,70,United-States,0
28,Private,115438,HS-grad,9,Married-civ-spouse,Machine-op-inspct,Husband,White,Male,0,0,50,United-States,1
19,Private,351802,HS-grad,9,Never-married,Machine-op-inspct,Own-child,White,Male,0,0,35,United-States,0
18,Private,120243,11th,7,Never-married,Other-service,Own-child,White,Male,0,0,10,United-States,0
53,Private,103950,Masters,14,Divorced,Prof-specialty,Not-in-family,White,Female,0,0,40,United-States,0
48,Private,118158,Assoc-acdm,12,Married-civ-spouse,Transport-moving,Husband,White,Male,0,0,44,United-States,0
38,Private,237091,Some-college,10,Married-spouse-absent,Other-service,Unmarried,White,Female,0,0,36,Peru,0
58,Local-gov,137249,HS-grad,9,Divorced,Exec-managerial,Not-in-family,White,Male,0,0,33,United-States,0
55,,205527,HS-grad,9,Divorced,,Not-in-family,White,Male,0,0,20,United-States,0
35,Private,207819,Bachelors,13,Married-civ-spouse,Exec-managerial,Husband,White,Male,15024,0,50,United-States,1
49,Local-gov,337768,Masters,14,Married-civ-spouse,Exec-managerial,Husband,White,Male,0,0,50,United-States,1
47,Private,197702,Some-college,10,Married-civ-spouse,Craft-repair,Husband,White,Male,0,0,40,United-States,0
55,Local-gov,143949,Masters,14,Married-civ-spouse,Prof-specialty,Wife,White,Female,3103,0,45,United-States,1
35,,195946,Some-college,10,Married-civ-spouse,,Husband,Asian-Pac-Islander,Male,0,0,40,Philippines,1
51,Private,197163,Prof-school,15,Never-married,Prof-specialty,Not-in-family,White,Female,0,2559,50,United-States,1
41,,193537,Assoc-acdm,12,Divorced,,Unmarried,White,Female,0,0,10,Dominican-Republic,0
59,Local-gov,236426,Assoc-acdm,12,Divorced,Prof-specialty,Not-in-family,White,Female,0,0,50,United-States,0
38,Federal-gov,215419,Masters,14,Never-married,Exec-managerial,Not-in-family,White,Female,0,0,55,Canada,0
65,Private,282779,Masters,14,Married-civ-spouse,Adm-clerical,Other-relative,White,Female,0,0,40,United-States,1
47,Self-emp-not-inc,158451,Some-college,10,Divorced,Other-service,Not-in-family,White,Female,0,0,45,United-States,0
29,Local-gov,375655,Bachelors,13,Never-married,Prof-specialty,Not-in-family,White,Male,0,0,40,United-States,0
64,Private,110212,HS-grad,9,Married-civ-spouse,Other-service,Husband,Black,Male,0,0,40,United-States,0
44,Private,143939,Some-college,10,Separated,Adm-clerical,Unmarried,White,Female,0,0,40,United-States,0
47,Self-emp-not-inc,26145,Assoc-voc,11,Married-civ-spouse,Sales,Husband,White,Male,0,0,40,United-States,1
21,,189888,Assoc-acdm,12,Never-married,,Not-in-family,White,Male,0,0,55,United-States,0
20,Private,258730,HS-grad,9,Never-married,Priv-house-serv,Own-child,White,Female,0,0,40,United-States,0
38,Private,278924,Bachelors,13,Married-civ-spouse,Exec-managerial,Husband,White,Male,0,1887,50,United-States,1
42,Local-gov,125461,Bachelors,13,Never-married,Exec-managerial,Own-child,White,Male,4650,0,35,United-States,0
38,Private,154669,HS-grad,9,Separated,Sales,Not-in-family,White,Male,0,0,60,United-States,0
42,Private,433170,Some-college,10,Married-civ-spouse,Craft-repair,Husband,White,Male,0,0,60,United-States,1
18,,137363,Some-college,10,Never-married,,Own-child,White,Female,0,0,30,United-States,0
42,Private,33895,Bachelors,13,Divorced,Adm-clerical,Not-in-family,White,Female,0,0,40,United-States,0
25,Private,242729,Bachelors,13,Never-married,Sales,Own-child,White,Female,0,0,20,United-States,0
22,,32732,Some-college,10,Never-married,,Own-child,White,Male,0,0,50,United-States,0
36,Private,248708,Assoc-acdm,12,Never-married,Craft-repair,Not-in-family,White,Male,0,0,40,United-States,0
26,Private,263444,HS-grad,9,Married-civ-spouse,Machine-op-inspct,Husband,White,Male,0,0,45,United-States,0
39,Self-emp-inc,222641,Bachelors,13,Married-civ-spouse,Sales,Husband,White,Male,0,0,40,United-States,0
25,Local-gov,58441,Bachelors,13,Never-married,Prof-specialty,Not-in-family,White,Female,0,0,40,United-States,0
38,Self-emp-not-inc,41591,Bachelors,13,Never-married,Craft-repair,Not-in-family,Amer-Indian-Eskimo,Male,0,0,30,United-States,0
27,Private,335421,Masters,14,Never-married,Exec-managerial,Own-child,White,Female,0,0,40,United-States,0
36,State-gov,179488,Bachelors,13,Married-civ-spouse,Protective-serv,Husband,White,Male,7298,0,55,United-States,1
62,Private,78273,Some-college,10,Never-married,Machine-op-inspct,Not-in-family,Black,Female,0,0,40,United-States,0
24,Private,188073,Some-college,10,Never-married,Adm-clerical,Own-child,Black,Female,0,0,40,United-States,0
42,Private,30424,11th,7,Separated,Other-service,Unmarried,White,Female,0,0,38,United-States,0
33,State-gov,150570,HS-grad,9,Divorced,Adm-clerical,Not-in-family,White,Male,0,0,40,United-States,0
69,Private,228921,Bachelors,13,Widowed,Prof-specialty,Not-in-family,White,Male,0,2282,40,United-States,1
52,Private,117674,Bachelors,13,Never-married,Prof-specialty,Not-in-family,White,Male,0,0,38,United-States,0
80,Self-emp-not-inc,132728,HS-grad,9,Never-married,Exec-managerial,Not-in-family,White,Male,0,0,20,United-States,0
28,Private,405793,Assoc-acdm,12,Married-civ-spouse,Tech-support,Husband,White,Male,0,0,45,United-States,1
31,Private,78662,HS-grad,9,Separated,Sales,Unmarried,White,Female,0,0,40,Mexico,0
42,State-gov,155657,HS-grad,9,Divorced,Adm-clerical,Not-in-family,Black,Female,0,0,25,United-States,0
35,Private,385847,Some-college,10,Married-civ-spouse,Craft-repair,Husband,White,Male,0,0,40,United-States,0
48,Local-gov,246392,Assoc-acdm,12,Separated,Adm-clerical,Not-in-family,Black,Female,0,0,40,United-States,0
34,Private,180284,Some-college,10,Married-civ-spouse,Handlers-cleaners,Husband,White,Male,0,0,50,United-States,0
34,Local-gov,429897,Bachelors,13,Married-civ-spouse,Prof-specialty,Husband,White,Male,0,0,45,Mexico,1
42,Private,22831,HS-grad,9,Never-married,Other-service,Not-in-family,White,Female,0,0,40,United-States,0
52,Private,189728,HS-grad,9,Separated,Priv-house-serv,Not-in-family,White,Female,0,0,50,United-States,0
50,Private,257933,Some-college,10,Divorced,Adm-clerical,Not-in-family,White,Female,0,0,40,United-States,0
50,Private,110327,HS-grad,9,Married-civ-spouse,Sales,Husband,White,Male,0,0,50,United-States,1
28,Self-emp-inc,210295,11th,7,Married-civ-spouse,Craft-repair,Husband,White,Male,0,0,50,United-States,1
41,Private,122033,Some-college,10,Never-married,Exec-managerial,Unmarried,Black,Female,0,0,99,United-States,0
29,Self-emp-not-inc,132686,Prof-school,15,Never-married,Prof-specialty,Own-child,White,Male,0,0,50,Italy,1
20,Private,318036,HS-grad,9,Never-married,Other-service,Not-in-family,White,Male,0,0,40,United-States,0
33,,173998,HS-grad,9,Married-civ-spouse,,Wife,White,Female,0,1485,38,United-States,0
44,Local-gov,136986,Masters,14,Married-civ-spouse,Prof-specialty,Husband,White,Male,15024,0,35,United-States,1
27,Private,401508,HS-grad,9,Never-married,Other-service,Unmarried,Black,Female,0,0,40,United-States,0
46,Private,35136,10th,6,Divorced,Adm-clerical,Own-child,Black,Male,0,0,40,United-States,0
31,Private,201122,Some-college,10,Married-civ-spouse,Exec-managerial,Husband,White,Male,0,0,40,United-States,1
35,Private,268661,Some-college,10,Married-civ-spouse,Sales,Husband,White,Male,0,0,50,United-States,0
36,Private,108320,HS-grad,9,Divorced,Machine-op-inspct,Not-in-family,White,Male,4101,0,40,United-States,0
67,Private,236627,Bachelors,13,Married-civ-spouse,Prof-specialty,Husband,White,Male,0,0,2,United-States,0
21,Private,227220,HS-grad,9,Never-married,Other-service,Other-relative,White,Female,0,0,33,United-States,0
52,Private,167794,Doctorate,16,Married-civ-spouse,Exec-managerial,Husband,White,Male,0,0,38,United-States,1
51,Self-emp-inc,258735,HS-grad,9,Divorced,Protective-serv,Not-in-family,White,Male,0,0,81,United-States,0
63,Private,195540,Assoc-voc,11,Divorced,Exec-managerial,Not-in-family,Black,Male,0,1408,40,United-States,0
37,Private,49115,Masters,14,Married-civ-spouse,Exec-managerial,Husband,White,Male,0,0,60,United-States,1
19,Private,144161,HS-grad,9,Never-married,Transport-moving,Own-child,White,Male,0,0,30,United-States,0
37,Private,234807,Bachelors,13,Divorced,Exec-managerial,Unmarried,White,Female,7430,0,45,United-States,1
39,Private,306504,HS-grad,9,Married-civ-spouse,Transport-moving,Husband,White,Male,0,0,40,United-States,0
28,Private,211184,Some-college,10,Never-married,Sales,Not-in-family,White,Female,0,0,50,United-States,0
22,Self-emp-not-inc,238917,HS-grad,9,Never-married,Handlers-cleaners,Not-in-family,White,Male,0,0,40,United-States,0
32,Private,193260,Some-college,10,Married-civ-spouse,Machine-op-inspct,Husband,Asian-Pac-Islander,Male,0,0,40,Philippines,0
51,,285200,HS-grad,9,Married-civ-spouse,,Husband,White,Male,2105,0,24,United-States,0
20,Self-emp-not-inc,197207,HS-grad,9,Divorced,Sales,Not-in-family,White,Female,0,0,30,United-States,0
37,Private,227545,Some-college,10,Married-civ-spouse,Sales,Husband,White,Male,0,0,44,United-States,1
49,Local-gov,452402,Bachelors,13,Married-civ-spouse,Prof-specialty,Wife,Black,Female,7688,0,35,United-States,1
37,Self-emp-inc,132879,Some-college,10,Married-civ-spouse,Transport-moving,Husband,White,Male,0,0,50,United-States,1
37,Self-emp-not-inc,180477,HS-grad,9,Married-civ-spouse,Craft-repair,Husband,White,Male,0,0,47,United-States,0
18,Private,92864,12th,8,Never-married,Other-service,Own-child,White,Female,0,0,20,United-States,0
52,Private,172962,Some-college,10,Married-civ-spouse,Craft-repair,Husband,White,Male,0,0,40,United-States,1
55,Private,451603,HS-grad,9,Divorced,Craft-repair,Unmarried,White,Male,0,0,40,United-States,0
29,Private,201101,HS-grad,9,Married-civ-spouse,Machine-op-inspct,Husband,White,Male,0,0,50,United-States,0
43,Private,128354,HS-grad,9,Married-civ-spouse,Adm-clerical,Wife,White,Female,0,0,30,United-States,0
49,Self-emp-not-inc,165229,Assoc-voc,11,Married-civ-spouse,Exec-managerial,Husband,White,Male,0,0,40,United-States,0
67,,45537,Masters,14,Married-civ-spouse,,Husband,Black,Male,0,0,40,United-States,1
47,Private,199058,Some-college,10,Married-civ-spouse,Prof-specialty,Husband,White,Male,0,0,40,United-States,1
48,Local-gov,78859,HS-grad,9,Never-married,Exec-managerial,Own-child,White,Female,0,0,40,United-States,0
27,,280699,Some-college,10,Never-married,,Unmarried,White,Female,0,0,40,United-States,0
53,Local-gov,25820,Assoc-voc,11,Divorced,Exec-managerial,Not-in-family,Amer-Indian-Eskimo,Male,0,0,48,United-States,0
67,Private,180539,HS-grad,9,Married-civ-spouse,Sales,Husband,White,Male,0,0,10,United-States,0
27,Private,203776,HS-grad,9,Married-civ-spouse,Craft-repair,Husband,White,Male,0,0,50,United-States,0
37,Federal-gov,54595,HS-grad,9,Never-married,Adm-clerical,Unmarried,Black,Female,0,0,40,United-States,0
53,Self-emp-not-inc,240138,HS-grad,9,Married-civ-spouse,Craft-repair,Husband,White,Male,0,0,60,United-States,0
65,Private,270935,HS-grad,9,Widowed,Craft-repair,Not-in-family,White,Male,0,0,55,United-States,0
19,Private,139466,Some-college,10,Never-married,Sales,Own-child,White,Female,0,0,25,United-States,0
36,Private,190759,Bachelors,13,Married-civ-spouse,Prof-specialty,Husband,White,Male,0,0,45,United-States,1
66,Self-emp-inc,249043,Bachelors,13,Married-civ-spouse,Sales,Husband,White,Male,5556,0,26,United-States,1
60,Private,203985,Some-college,10,Married-civ-spouse,Other-service,Husband,White,Male,0,0,40,United-States,1
25,Private,239461,Masters,14,Never-married,Prof-specialty,Own-child,White,Male,0,0,35,United-States,0
37,Private,79586,HS-grad,9,Separated,Machine-op-inspct,Own-child,Asian-Pac-Islander,Male,0,0,60,United-States,0
19,,185619,Some-college,10,Never-married,,Own-child,White,Female,0,0,20,United-States,0
46,Private,123598,Some-college,10,Married-civ-spouse,Sales,Husband,White,Male,0,0,48,United-States,1
25,Private,236421,12th,8,Never-married,Other-service,Own-child,Black,Male,0,0,40,United-States,0
37,Self-emp-not-inc,203828,HS-grad,9,Married-civ-spouse,Sales,Husband,White,Male,0,0,45,United-States,0
71,Private,77253,HS-grad,9,Never-married,Handlers-cleaners,Not-in-family,White,Male,0,0,17,United-States,0
23,Private,37894,HS-grad,9,Separated,Other-service,Own-child,White,Female,0,0,40,United-States,0
33,Private,248584,Some-college,10,Married-civ-spouse,Other-service,Husband,White,Male,0,0,50,United-States,0
48,Private,355978,Masters,14,Married-civ-spouse,Exec-managerial,Husband,White,Male,0,0,40,United-States,0
35,Self-emp-not-inc,241469,9th,5,Married-civ-spouse,Craft-repair,Husband,White,Male,2635,0,30,United-States,0
30,Private,177522,HS-grad,9,Married-civ-spouse,Adm-clerical,Own-child,White,Female,0,0,20,United-States,0
65,Private,90907,5th-6th,3,Married-civ-spouse,Other-service,Husband,Asian-Pac-Islander,Male,0,0,40,United-States,0
24,Private,228649,Bachelors,13,Never-married,Adm-clerical,Own-child,White,Male,0,0,38,United-States,0
49,State-gov,36177,Bachelors,13,Married-civ-spouse,Exec-managerial,Husband,White,Male,0,0,45,United-States,1
30,Private,172830,Masters,14,Never-married,Adm-clerical,Not-in-family,White,Female,0,0,40,United-States,0
69,Private,512992,11th,7,Married-civ-spouse,Prof-specialty,Husband,Black,Male,0,0,45,United-States,0
45,Private,155478,Some-college,10,Divorced,Tech-support,Unmarried,White,Female,0,0,40,United-States,0
49,Self-emp-not-inc,199590,HS-grad,9,Married-civ-spouse,Craft-repair,Husband,White,Male,0,0,50,Mexico,0
41,Private,149909,Bachelors,13,Married-civ-spouse,Sales,Husband,White,Male,7688,0,50,United-States,1
26,Private,125680,Bachelors,13,Never-married,Prof-specialty,Not-in-family,Asian-Pac-Islander,Male,0,0,16,Japan,0
23,Private,133061,HS-grad,9,Married-civ-spouse,Sales,Husband,White,Male,0,0,80,United-States,0
38,Federal-gov,214542,Some-college,10,Divorced,Handlers-cleaners,Unmarried,Black,Female,0,0,40,United-States,0
38,Private,256864,HS-grad,9,Married-civ-spouse,Tech-support,Husband,White,Male,0,0,50,United-States,1
63,Self-emp-inc,110890,Masters,14,Divorced,Prof-specialty,Not-in-family,White,Male,0,0,70,United-States,1
43,Self-emp-not-inc,170721,Some-college,10,Married-civ-spouse,Craft-repair,Husband,White,Male,0,0,20,United-States,0
38,Private,103474,Assoc-voc,11,Divorced,Adm-clerical,Unmarried,White,Female,0,0,40,United-States,0
26,State-gov,34862,Some-college,10,Married-civ-spouse,Adm-clerical,Husband,Asian-Pac-Islander,Male,0,0,38,,0
40,Private,153238,Bachelors,13,Married-civ-spouse,Exec-managerial,Husband,White,Male,0,1902,32,United-States,1
78,Self-emp-inc,212660,11th,7,Married-civ-spouse,Exec-managerial,Husband,White,Male,0,0,10,United-States,0
25,Private,124483,Bachelors,13,Never-married,Prof-specialty,Not-in-family,Asian-Pac-Islander,Male,0,0,50,India,0
30,Private,136651,5th-6th,3,Married-civ-spouse,Craft-repair,Husband,White,Male,0,0,40,Mexico,0
50,Local-gov,226497,Some-college,10,Married-civ-spouse,Protective-serv,Husband,White,Male,0,0,52,United-States,1
26,Private,199143,HS-grad,9,Married-civ-spouse,Handlers-cleaners,Husband,White,Male,0,0,50,United-States,0
59,Private,147989,Some-college,10,Married-civ-spouse,Tech-support,Husband,White,Male,0,0,50,United-States,1
27,Private,252506,Some-college,10,Divorced,Exec-managerial,Own-child,White,Female,0,0,40,United-States,0
43,Private,219307,9th,5,Divorced,Transport-moving,Not-in-family,Black,Male,0,0,40,United-States,0
18,Private,135924,HS-grad,9,Never-married,Adm-clerical,Own-child,White,Male,0,0,20,United-States,0
31,Private,48189,HS-grad,9,Married-civ-spouse,Transport-moving,Husband,White,Male,0,0,45,United-States,0
29,Private,166210,Some-college,10,Divorced,Tech-support,Not-in-family,White,Male,0,0,55,United-States,0
20,,239805,Some-college,10,Never-married,,Not-in-family,White,Male,0,0,16,United-States,0
55,Self-emp-not-inc,76901,Assoc-acdm,12,Married-civ-spouse,Exec-managerial,Husband,White,Male,0,0,55,United-States,1
31,Self-emp-not-inc,189843,HS-grad,9,Never-married,Craft-repair,Not-in-family,White,Male,0,0,45,United-States,0
45,Private,168283,HS-grad,9,Married-civ-spouse,Other-service,Husband,White,Male,0,0,40,United-States,0
35,Private,114087,HS-grad,9,Married-civ-spouse,Adm-clerical,Wife,White,Female,5013,0,40,United-States,0
30,Self-emp-not-inc,303692,HS-grad,9,Married-civ-spouse,Exec-managerial,Husband,White,Male,0,0,75,United-States,0
22,Private,341368,Some-college,10,Never-married,Other-service,Not-in-family,White,Male,0,0,50,United-States,0
54,Private,101017,7th-8th,4,Married-civ-spouse,Craft-repair,Husband,White,Male,0,0,40,United-States,0
29,Federal-gov,155970,HS-grad,9,Married-civ-spouse,Tech-support,Husband,White,Male,0,0,40,United-States,1
40,Private,193144,HS-grad,9,Divorced,Other-service,Unmarried,White,Female,0,0,36,United-States,0
49,Self-emp-not-inc,166003,HS-grad,9,Married-civ-spouse,Other-service,Husband,White,Male,0,0,40,United-States,0
41,Private,146908,Doctorate,16,Married-civ-spouse,Prof-specialty,Husband,White,Male,0,0,60,United-States,1
19,Private,210509,Some-college,10,Never-married,Adm-clerical,Own-child,White,Female,0,0,30,United-States,0
43,State-gov,242521,HS-grad,9,Married-civ-spouse,Craft-repair,Husband,White,Male,0,0,40,United-States,0
42,Local-gov,201723,Some-college,10,Never-married,Craft-repair,Not-in-family,White,Male,0,0,40,United-States,0
27,Private,500068,HS-grad,9,Married-civ-spouse,Other-service,Husband,White,Male,0,0,36,,0
25,Private,124111,HS-grad,9,Never-married,Other-service,Not-in-family,White,Female,0,0,38,United-States,0
30,Private,171889,Prof-school,15,Never-married,Tech-support,Own-child,White,Female,0,0,24,United-States,0
22,Private,189832,Some-college,10,Never-married,Other-service,Own-child,White,Female,0,0,25,United-States,0
28,,105598,11th,7,Never-married,,Not-in-family,White,Male,0,1762,40,Outlying-US(Guam-USVI-etc),0
49,Private,131918,Some-college,10,Married-civ-spouse,Machine-op-inspct,Husband,White,Male,0,0,50,United-States,1
23,,280134,HS-grad,9,Never-married,,Own-child,White,Male,0,0,40,United-States,0
19,Private,183258,Some-college,10,Never-married,Adm-clerical,Own-child,White,Male,0,0,40,United-States,0
43,Private,216497,Bachelors,13,Divorced,Adm-clerical,Unmarried,White,Female,0,0,40,Germany,0
37,Private,201531,Assoc-acdm,12,Married-civ-spouse,Machine-op-inspct,Husband,White,Male,0,0,40,United-States,1
50,Private,166565,HS-grad,9,Married-civ-spouse,Machine-op-inspct,Husband,White,Male,0,0,50,United-States,0
18,Private,280603,11th,7,Never-married,Sales,Own-child,White,Female,0,0,30,United-States,0
24,Private,237928,Bachelors,13,Never-married,Prof-specialty,Not-in-family,White,Male,0,0,39,United-States,0
37,Private,490871,11th,7,Married-civ-spouse,Craft-repair,Husband,Black,Male,0,0,25,United-States,0
37,Private,319831,HS-grad,9,Married-civ-spouse,Transport-moving,Husband,White,Male,0,0,55,United-States,1
40,Self-emp-inc,189941,Bachelors,13,Married-civ-spouse,Prof-specialty,Husband,White,Male,3103,0,60,United-States,1
40,Private,291300,11th,7,Married-civ-spouse,Machine-op-inspct,Husband,White,Male,0,0,40,Puerto-Rico,0
28,Private,112403,HS-grad,9,Never-married,Craft-repair,Unmarried,White,Male,2354,0,40,United-States,0
30,Private,209103,Assoc-voc,11,Married-civ-spouse,Exec-managerial,Husband,White,Male,0,0,48,United-States,0
27,Private,269246,HS-grad,9,Married-civ-spouse,Adm-clerical,Husband,White,Male,3464,0,45,United-States,0
31,Private,84130,Some-college,10,Married-civ-spouse,Adm-clerical,Husband,White,Male,0,0,50,United-States,1
62,Local-gov,206063,Some-college,10,Divorced,Other-service,Not-in-family,White,Male,0,0,45,United-States,0
26,,217300,Some-college,10,Never-married,,Not-in-family,White,Female,0,0,36,United-States,0
50,State-gov,133014,Assoc-voc,11,Married-civ-spouse,Prof-specialty,Husband,White,Male,0,0,40,United-States,0
45,Private,111994,Some-college,10,Divorced,Sales,Not-in-family,White,Male,4650,0,40,United-States,0
39,Private,144638,Masters,14,Divorced,Prof-specialty,Not-in-family,White,Female,0,0,45,United-States,1
36,Private,48520,Some-college,10,Divorced,Other-service,Unmarried,White,Female,0,0,40,United-States,0
53,Private,197492,HS-grad,9,Divorced,Machine-op-inspct,Not-in-family,White,Female,0,0,40,United-States,0
34,Private,112115,Bachelors,13,Never-married,Exec-managerial,Other-relative,White,Male,0,0,40,United-States,0
32,Private,283268,10th,6,Separated,Other-service,Unmarried,White,Female,0,0,42,United-States,0
21,,156780,Some-college,10,Never-married,,Not-in-family,Asian-Pac-Islander,Female,0,0,15,,0
38,Private,193026,HS-grad,9,Never-married,Exec-managerial,Not-in-family,White,Male,0,0,40,United-States,0
46,Self-emp-inc,168211,Some-college,10,Married-civ-spouse,Craft-repair,Husband,White,Male,5013,0,60,United-States,0
72,Self-emp-not-inc,298945,Bachelors,13,Widowed,Farming-fishing,Not-in-family,White,Male,0,0,40,United-States,1
35,Private,297697,Some-college,10,Married-civ-spouse,Transport-moving,Husband,Asian-Pac-Islander,Male,0,0,40,United-States,0
23,Private,133582,1st-4th,2,Never-married,Farming-fishing,Not-in-family,White,Male,0,0,36,Mexico,0
44,Private,271756,HS-grad,9,Married-civ-spouse,Adm-clerical,Husband,Black,Male,0,0,40,United-States,1
22,Private,239098,HS-grad,9,Never-married,Other-service,Unmarried,White,Female,0,0,40,United-States,0
34,Private,124827,Assoc-voc,11,Never-married,Transport-moving,Own-child,White,Male,0,0,40,United-States,0
34,Self-emp-not-inc,288486,11th,7,Married-civ-spouse,Craft-repair,Husband,White,Male,0,0,40,United-States,0
41,Private,53956,Bachelors,13,Divorced,Sales,Not-in-family,White,Male,0,1980,56,United-States,0
49,Self-emp-inc,154174,Bachelors,13,Married-civ-spouse,Exec-managerial,Husband,White,Male,0,0,50,United-States,1
31,Private,223327,HS-grad,9,Married-civ-spouse,Exec-managerial,Husband,White,Male,0,0,40,United-States,1
22,Private,203894,Some-college,10,Never-married,Transport-moving,Not-in-family,White,Female,0,0,24,United-States,0
47,Local-gov,36169,Masters,14,Married-civ-spouse,Prof-specialty,Husband,White,Male,0,0,60,United-States,1
21,Private,196742,Some-college,10,Married-civ-spouse,Adm-clerical,Wife,White,Female,0,0,28,United-States,0
28,Private,105422,Some-college,10,Never-married,Transport-moving,Not-in-family,White,Male,0,0,50,United-States,0
71,,229424,HS-grad,9,Widowed,,Not-in-family,White,Female,0,0,40,United-States,0
44,Self-emp-not-inc,53956,Some-college,10,Married-civ-spouse,Machine-op-inspct,Husband,White,Male,0,0,57,United-States,0
41,Private,215453,1st-4th,2,Married-civ-spouse,Other-service,Husband,White,Male,0,0,43,Mexico,0
70,Local-gov,334666,HS-grad,9,Widowed,Adm-clerical,Not-in-family,White,Female,0,0,12,United-States,0
21,Private,402136,Some-college,10,Never-married,Exec-managerial,Own-child,White,Female,0,0,20,United-States,0
42,,257780,11th,7,Married-civ-spouse,,Husband,White,Male,0,0,15,United-States,0
35,,103710,Bachelors,13,Divorced,,Unmarried,White,Female,0,0,16,,0
23,Local-gov,287988,Bachelors,13,Never-married,Prof-specialty,Not-in-family,White,Male,0,0,40,United-States,0
34,Private,110622,Bachelors,13,Never-married,Exec-managerial,Not-in-family,Asian-Pac-Islander,Female,0,0,40,Philippines,0
67,,37170,7th-8th,4,Divorced,,Not-in-family,White,Male,0,0,3,United-States,0
72,Private,76206,9th,5,Married-civ-spouse,Sales,Husband,White,Male,0,0,16,United-States,0
54,Private,338620,Masters,14,Married-civ-spouse,Exec-managerial,Husband,White,Male,0,0,52,United-States,1
34,Private,176244,7th-8th,4,Married-civ-spouse,Other-service,Wife,White,Female,0,0,40,United-States,0
61,State-gov,31577,Masters,14,Married-civ-spouse,Prof-specialty,Husband,White,Male,0,0,30,United-States,0
28,Private,308136,HS-grad,9,Never-married,Other-service,Own-child,White,Male,0,0,40,United-States,0
61,,232618,Prof-school,15,Married-civ-spouse,,Husband,White,Male,0,0,40,United-States,1
37,Private,61778,Bachelors,13,Never-married,Farming-fishing,Not-in-family,White,Male,0,0,30,United-States,0
41,Self-emp-not-inc,238184,HS-grad,9,Married-civ-spouse,Farming-fishing,Wife,White,Female,0,0,40,United-States,0
51,Self-emp-inc,213296,HS-grad,9,Married-civ-spouse,Other-service,Husband,White,Male,0,0,30,United-States,0
62,,139391,7th-8th,4,Married-civ-spouse,,Husband,White,Male,0,0,40,Ireland,1
27,Private,284859,Some-college,10,Married-civ-spouse,Handlers-cleaners,Husband,White,Male,0,0,50,United-States,0
31,Private,169122,HS-grad,9,Divorced,Other-service,Not-in-family,White,Male,0,0,28,United-States,0
39,Private,706180,Bachelors,13,Divorced,Sales,Unmarried,White,Female,0,0,40,United-States,0
18,Private,185522,HS-grad,9,Never-married,Sales,Own-child,White,Female,0,0,33,United-States,0
51,Federal-gov,254211,Masters,14,Widowed,Sales,Unmarried,White,Male,0,0,50,El-Salvador,1
26,Private,156848,Bachelors,13,Never-married,Tech-support,Not-in-family,White,Male,0,0,40,United-States,0
39,Local-gov,282461,Assoc-voc,11,Married-civ-spouse,Protective-serv,Husband,White,Male,0,0,40,United-States,1
41,Federal-gov,186601,HS-grad,9,Separated,Exec-managerial,Not-in-family,Black,Female,0,0,40,United-States,0
25,Federal-gov,27142,Some-college,10,Married-civ-spouse,Exec-managerial,Husband,White,Male,0,0,40,United-States,1
21,Private,301915,11th,7,Separated,Sales,Not-in-family,Other,Female,0,0,30,Mexico,0
61,Self-emp-not-inc,268831,HS-grad,9,Married-civ-spouse,Sales,Husband,White,Male,0,0,53,United-States,0
39,Private,80324,Some-college,10,Married-civ-spouse,Exec-managerial,Husband,White,Male,0,1977,62,United-States,1
27,State-gov,194773,Masters,14,Never-married,Prof-specialty,Not-in-family,White,Female,0,0,50,Germany,0
45,Private,297884,Bachelors,13,Divorced,Exec-managerial,Not-in-family,White,Male,0,0,40,United-States,1
52,Private,150393,Bachelors,13,Married-civ-spouse,Machine-op-inspct,Husband,White,Male,0,0,40,United-States,1
37,Private,188540,HS-grad,9,Married-civ-spouse,Exec-managerial,Husband,White,Male,0,1902,45,United-States,1
39,Private,126494,HS-grad,9,Divorced,Prof-specialty,Unmarried,White,Female,0,0,40,United-States,0
61,State-gov,186451,Prof-school,15,Married-civ-spouse,Prof-specialty,Husband,White,Male,0,1902,40,United-States,1
70,Private,141742,Assoc-voc,11,Married-civ-spouse,Machine-op-inspct,Husband,White,Male,9386,0,50,United-States,1
61,Federal-gov,95680,Assoc-acdm,12,Married-civ-spouse,Exec-managerial,Husband,Asian-Pac-Islander,Male,3103,0,40,United-States,1
34,Private,270488,Bachelors,13,Never-married,Prof-specialty,Own-child,White,Female,0,0,40,United-States,0
71,Private,217971,9th,5,Widowed,Sales,Unmarried,White,Female,0,0,13,United-States,0
43,State-gov,185619,Masters,14,Married-civ-spouse,Prof-specialty,Husband,Amer-Indian-Eskimo,Male,0,0,35,United-States,1
28,Federal-gov,56651,Bachelors,13,Never-married,Prof-specialty,Own-child,Black,Female,0,0,40,United-States,0
23,Private,195508,Some-college,10,Never-married,Handlers-cleaners,Own-child,White,Male,0,0,20,United-States,0
42,Private,165309,HS-grad,9,Never-married,Handlers-cleaners,Not-in-family,White,Male,0,0,50,United-States,0
52,Private,186785,HS-grad,9,Never-married,Sales,Not-in-family,White,Male,0,1876,50,United-States,0
32,Private,237478,11th,7,Divorced,Machine-op-inspct,Unmarried,White,Female,0,0,40,United-States,0
26,Private,160445,HS-grad,9,Divorced,Craft-repair,Not-in-family,White,Male,0,0,40,United-States,0
28,Private,231197,10th,6,Married-spouse-absent,Craft-repair,Unmarried,White,Male,0,0,40,Mexico,0
22,Federal-gov,100345,HS-grad,9,Never-married,Handlers-cleaners,Own-child,White,Male,0,0,43,United-States,0
27,Private,203160,HS-grad,9,Married-civ-spouse,Machine-op-inspct,Husband,White,Male,0,0,40,United-States,0
56,Local-gov,203250,Some-college,10,Married-civ-spouse,Protective-serv,Husband,White,Male,0,0,40,United-States,0
19,Private,169853,HS-grad,9,Never-married,Machine-op-inspct,Own-child,White,Male,0,0,24,United-States,0
36,Private,309122,HS-grad,9,Divorced,Adm-clerical,Unmarried,White,Female,0,0,35,United-States,0
50,Self-emp-not-inc,197054,Prof-school,15,Divorced,Sales,Not-in-family,White,Male,0,0,50,United-States,1
33,Private,123031,HS-grad,9,Married-spouse-absent,Adm-clerical,Unmarried,Amer-Indian-Eskimo,Male,0,0,40,United-States,0
42,Private,78765,Some-college,10,Married-civ-spouse,Craft-repair,Husband,White,Male,3103,0,45,United-States,1
30,Private,156890,HS-grad,9,Married-civ-spouse,Machine-op-inspct,Husband,White,Male,0,0,45,United-States,0
46,Local-gov,247053,Masters,14,Married-civ-spouse,Prof-specialty,Husband,White,Male,0,0,40,United-States,1
37,Private,220644,HS-grad,9,Divorced,Other-service,Unmarried,Black,Female,0,0,40,,0
38,Private,78247,Some-college,10,Married-civ-spouse,Exec-managerial,Husband,White,Male,0,0,40,United-States,0
19,Private,179707,Some-college,10,Never-married,Adm-clerical,Own-child,White,Male,0,0,30,United-States,0
55,Federal-gov,36314,7th-8th,4,Married-civ-spouse,Adm-clerical,Husband,White,Male,0,0,72,United-States,0
29,Self-emp-not-inc,103432,HS-grad,9,Never-married,Craft-repair,Not-in-family,White,Male,0,0,50,United-States,0
32,Private,331539,HS-grad,9,Never-married,Craft-repair,Not-in-family,Other,Male,0,0,40,United-States,0
50,Private,358740,HS-grad,9,Divorced,Adm-clerical,Unmarried,White,Female,0,0,40,England,0
45,Private,288437,HS-grad,9,Married-civ-spouse,Transport-moving,Husband,Other,Male,4064,0,40,United-States,0
27,Local-gov,113054,Bachelors,13,Never-married,Protective-serv,Not-in-family,White,Female,0,0,32,United-States,0
25,Local-gov,307294,Bachelors,13,Divorced,Prof-specialty,Unmarried,White,Female,0,0,40,United-States,0
25,Local-gov,249214,Some-college,10,Never-married,Adm-clerical,Unmarried,Black,Female,0,0,40,United-States,0
20,Private,253612,HS-grad,9,Never-married,Sales,Own-child,White,Female,0,0,30,United-States,0
36,Private,124111,HS-grad,9,Divorced,Adm-clerical,Unmarried,White,Female,0,0,35,United-States,0
18,Private,157273,10th,6,Never-married,Other-service,Other-relative,Black,Male,0,0,15,United-States,0
29,Private,410351,Assoc-acdm,12,Married-civ-spouse,Craft-repair,Husband,White,Male,0,0,43,United-States,0
26,Private,102476,Bachelors,13,Never-married,Prof-specialty,Own-child,White,Male,10520,0,64,United-States,1
47,Private,176319,HS-grad,9,Married-civ-spouse,Sales,Own-child,White,Female,0,0,38,United-States,1
35,Private,195081,HS-grad,9,Never-married,Sales,Unmarried,Black,Female,0,0,40,United-States,0
24,Private,224238,Bachelors,13,Never-married,Adm-clerical,Own-child,White,Male,0,0,40,United-States,0
40,Private,179717,Bachelors,13,Divorced,Sales,Not-in-family,White,Male,0,1564,60,United-States,1
24,Private,153082,HS-grad,9,Never-married,Sales,Not-in-family,White,Male,0,0,30,United-States,0
46,State-gov,247992,7th-8th,4,Never-married,Other-service,Not-in-family,Black,Female,0,0,40,United-States,0
51,Self-emp-not-inc,132341,HS-grad,9,Married-civ-spouse,Exec-managerial,Husband,White,Male,0,0,45,United-States,1
37,Private,87076,HS-grad,9,Never-married,Machine-op-inspct,Own-child,White,Male,0,0,40,United-States,0
31,Self-emp-inc,236415,Some-college,10,Married-civ-spouse,Adm-clerical,Wife,White,Female,0,0,20,United-States,1
18,Private,131180,11th,7,Never-married,Prof-specialty,Own-child,White,Female,0,0,16,United-States,0
32,Private,149531,HS-grad,9,Never-married,Machine-op-inspct,Own-child,White,Male,0,0,40,United-States,0
44,Private,162643,HS-grad,9,Never-married,Adm-clerical,Not-in-family,White,Female,0,0,43,United-States,0
21,Private,138816,HS-grad,9,Never-married,Handlers-cleaners,Own-child,Black,Male,0,0,20,United-States,0
47,Private,208872,Some-college,10,Married-civ-spouse,Craft-repair,Husband,White,Male,0,0,40,United-States,0
50,Federal-gov,221532,Assoc-acdm,12,Married-civ-spouse,Craft-repair,Husband,White,Male,0,0,40,United-States,1
20,,133515,Some-college,10,Never-married,,Own-child,White,Female,0,0,15,France,0
19,Private,96705,Some-college,10,Never-married,Sales,Own-child,White,Female,0,0,14,United-States,0
45,State-gov,255456,Masters,14,Married-civ-spouse,Prof-specialty,Husband,Asian-Pac-Islander,Male,0,0,50,India,1
26,,431861,10th,6,Separated,,Not-in-family,White,Male,0,0,40,United-States,0
32,Private,391874,HS-grad,9,Married-civ-spouse,Craft-repair,Husband,White,Male,0,0,40,United-States,0
24,Private,280134,10th,6,Never-married,Sales,Not-in-family,White,Male,0,0,49,El-Salvador,0
25,Private,189334,11th,7,Married-civ-spouse,Transport-moving,Husband,White,Male,0,0,40,United-States,0
50,Local-gov,68898,Doctorate,16,Married-civ-spouse,Exec-managerial,Husband,White,Male,0,0,55,United-States,1
42,Local-gov,19700,Bachelors,13,Married-civ-spouse,Prof-specialty,Wife,White,Female,0,0,50,United-States,1
20,,200967,Some-college,10,Never-married,,Own-child,White,Female,0,0,12,United-States,0
45,Private,242391,Bachelors,13,Married-civ-spouse,Exec-managerial,Husband,White,Male,0,0,60,United-States,1
31,Private,112115,Some-college,10,Married-civ-spouse,Sales,Husband,White,Male,0,0,40,United-States,0
48,Private,183000,Some-college,10,Married-civ-spouse,Other-service,Husband,Black,Male,0,0,40,United-States,1
35,Self-emp-inc,187053,Bachelors,13,Separated,Prof-specialty,Not-in-family,White,Female,0,0,50,United-States,0
26,Private,244495,HS-grad,9,Married-civ-spouse,Craft-repair,Husband,White,Male,0,0,48,United-States,0
50,Self-emp-not-inc,170562,Assoc-acdm,12,Married-civ-spouse,Protective-serv,Husband,White,Male,0,0,20,United-States,0
44,Self-emp-not-inc,190290,Some-college,10,Married-spouse-absent,Exec-managerial,Not-in-family,White,Male,0,0,80,France,0
41,Private,89226,HS-grad,9,Divorced,Craft-repair,Not-in-family,White,Male,0,0,40,United-States,0
45,Local-gov,317846,Assoc-acdm,12,Divorced,Exec-managerial,Unmarried,White,Male,0,0,47,United-States,0
39,Private,160728,HS-grad,9,Divorced,Machine-op-inspct,Unmarried,White,Male,2977,0,40,United-States,0
53,Private,98561,HS-grad,9,Widowed,Tech-support,Not-in-family,White,Male,0,0,39,United-States,1
51,Self-emp-not-inc,99185,Assoc-acdm,12,Married-civ-spouse,Exec-managerial,Husband,White,Male,0,0,40,United-States,1
23,Private,176486,Some-college,10,Never-married,Other-service,Other-relative,White,Female,0,0,25,United-States,0
39,Private,49436,Assoc-acdm,12,Divorced,Prof-specialty,Unmarried,White,Female,0,1380,40,United-States,0
28,Private,274679,Masters,14,Never-married,Prof-specialty,Not-in-family,White,Male,0,0,50,United-States,0
29,Federal-gov,196912,Bachelors,13,Never-married,Prof-specialty,Not-in-family,Black,Male,0,0,40,United-States,0
43,,142030,HS-grad,9,Divorced,,Unmarried,White,Female,0,0,40,United-States,0
64,Local-gov,164876,HS-grad,9,Divorced,Transport-moving,Unmarried,White,Male,0,0,20,United-States,0
50,,346014,7th-8th,4,Separated,,Own-child,White,Female,0,0,20,United-States,0
51,Private,117700,Some-college,10,Married-civ-spouse,Adm-clerical,Wife,White,Female,0,0,40,United-States,0
33,Private,119033,9th,5,Married-civ-spouse,Handlers-cleaners,Husband,White,Male,0,0,40,United-States,0
42,Private,46019,Some-college,10,Married-civ-spouse,Craft-repair,Husband,Amer-Indian-Eskimo,Male,5178,0,50,United-States,1
52,Private,165681,Some-college,10,Married-civ-spouse,Exec-managerial,Husband,White,Male,0,0,40,United-States,0
18,Private,236262,11th,7,Never-married,Handlers-cleaners,Own-child,White,Male,0,0,12,United-States,0
21,,162160,Some-college,10,Never-married,,Own-child,Asian-Pac-Islander,Male,0,0,40,Taiwan,0
18,Private,160984,11th,7,Never-married,Other-service,Own-child,White,Female,0,0,15,United-States,0
50,Private,126592,HS-grad,9,Separated,Craft-repair,Not-in-family,Black,Male,0,0,40,United-States,0
22,Private,335067,Bachelors,13,Never-married,Exec-managerial,Not-in-family,White,Male,0,0,20,United-States,0
44,Private,115323,Masters,14,Married-civ-spouse,Exec-managerial,Husband,White,Male,0,0,40,United-States,1
30,Private,178835,Some-college,10,Married-civ-spouse,Sales,Husband,White,Male,0,0,55,United-States,0
41,Private,144947,Bachelors,13,Divorced,Exec-managerial,Unmarried,Black,Female,0,0,40,United-States,0
23,Private,117789,Bachelors,13,Never-married,Prof-specialty,Not-in-family,White,Female,0,0,60,United-States,0
37,Private,243425,HS-grad,9,Divorced,Other-service,Other-relative,White,Female,0,0,50,Peru,0
63,Federal-gov,31115,Some-college,10,Married-civ-spouse,Exec-managerial,Husband,White,Male,15024,0,40,United-States,1
41,Private,183105,HS-grad,9,Separated,Machine-op-inspct,Unmarried,White,Female,0,0,44,Cuba,0
17,Private,226717,12th,8,Never-married,Handlers-cleaners,Own-child,White,Male,0,0,20,United-States,0
34,Private,198091,HS-grad,9,Married-civ-spouse,Craft-repair,Husband,White,Male,0,0,72,United-States,0
24,,108495,HS-grad,9,Never-married,,Own-child,White,Male,0,0,40,United-States,0
60,Private,127712,Assoc-voc,11,Widowed,Machine-op-inspct,Not-in-family,White,Female,0,0,45,Poland,0
33,Private,185480,Bachelors,13,Never-married,Prof-specialty,Not-in-family,White,Female,0,0,45,United-States,0
38,Private,183279,Some-college,10,Married-civ-spouse,Exec-managerial,Husband,White,Male,0,0,44,United-States,1
47,Private,276087,Assoc-voc,11,Married-civ-spouse,Other-service,Husband,White,Male,0,0,26,United-States,0
42,Private,29393,Some-college,10,Divorced,Machine-op-inspct,Not-in-family,White,Female,0,0,40,United-States,0
19,Private,344414,Some-college,10,Never-married,Transport-moving,Own-child,White,Male,0,0,40,United-States,0
24,Private,88824,Bachelors,13,Never-married,Tech-support,Not-in-family,White,Male,0,0,40,United-States,0
25,Local-gov,63996,HS-grad,9,Divorced,Adm-clerical,Not-in-family,White,Female,0,0,40,United-States,0
22,Private,290504,HS-grad,9,Married-civ-spouse,Craft-repair,Husband,White,Male,0,0,40,United-States,0
67,,150516,HS-grad,9,Widowed,,Unmarried,White,Male,0,0,3,United-States,0
70,Self-emp-inc,223275,Bachelors,13,Married-civ-spouse,Exec-managerial,Husband,White,Male,0,0,40,United-States,0
34,Private,255693,HS-grad,9,Married-civ-spouse,Adm-clerical,Wife,White,Female,0,0,20,United-States,0
35,Local-gov,123939,HS-grad,9,Never-married,Adm-clerical,Not-in-family,White,Female,0,0,40,United-States,0
36,Private,297449,Bachelors,13,Divorced,Prof-specialty,Not-in-family,White,Male,14084,0,40,United-States,1
40,Private,201734,Some-college,10,Never-married,Handlers-cleaners,Not-in-family,White,Male,0,0,48,United-States,0
33,Self-emp-not-inc,327902,HS-grad,9,Married-civ-spouse,Transport-moving,Husband,White,Male,0,0,45,United-States,0
41,Private,49654,HS-grad,9,Divorced,Adm-clerical,Unmarried,White,Female,0,0,52,United-States,0
33,Private,117983,HS-grad,9,Never-married,Adm-clerical,Not-in-family,White,Female,0,0,41,United-States,0
46,Federal-gov,269890,Bachelors,13,Married-civ-spouse,Exec-managerial,Husband,Black,Male,0,0,40,United-States,0
32,Private,213887,Some-college,10,Divorced,Machine-op-inspct,Unmarried,White,Male,0,0,45,United-States,0
36,Private,52532,HS-grad,9,Married-civ-spouse,Transport-moving,Husband,White,Male,0,0,40,United-States,0
46,Private,265266,Bachelors,13,Married-civ-spouse,Prof-specialty,Husband,White,Male,0,1902,40,United-States,1
51,Private,202752,12th,8,Separated,Transport-moving,Not-in-family,Black,Male,0,0,40,United-States,0
42,Self-emp-inc,27187,Masters,14,Married-civ-spouse,Farming-fishing,Husband,White,Male,0,0,60,United-States,1
40,Private,149102,HS-grad,9,Married-civ-spouse,Craft-repair,Husband,White,Male,0,0,40,United-States,0
45,Self-emp-not-inc,216402,Prof-school,15,Married-civ-spouse,Prof-specialty,Husband,Asian-Pac-Islander,Male,0,0,50,India,1
66,Self-emp-not-inc,140456,Bachelors,13,Married-civ-spouse,Sales,Husband,White,Male,0,0,40,United-States,1
39,Private,281768,HS-grad,9,Never-married,Other-service,Not-in-family,Black,Female,0,0,40,United-States,0
57,Private,70720,HS-grad,9,Married-civ-spouse,Other-service,Husband,White,Male,0,0,78,United-States,0
35,Private,196123,Assoc-acdm,12,Married-civ-spouse,Exec-managerial,Husband,White,Male,0,0,40,United-States,1
45,Self-emp-not-inc,277434,Bachelors,13,Married-civ-spouse,Exec-managerial,Husband,White,Male,0,0,50,United-States,0
29,Private,239632,HS-grad,9,Never-married,Adm-clerical,Not-in-family,White,Female,0,0,40,United-States,0
17,Private,165018,10th,6,Never-married,Sales,Own-child,White,Female,0,0,10,United-States,0
20,,55263,Some-college,10,Never-married,,Own-child,White,Male,0,0,40,United-States,0
34,Private,248795,HS-grad,9,Never-married,Machine-op-inspct,Not-in-family,White,Female,0,0,45,United-States,0
23,Private,142766,Some-college,10,Never-married,Adm-clerical,Not-in-family,White,Male,0,0,20,United-States,0
22,Private,207969,Some-college,10,Never-married,Exec-managerial,Own-child,Black,Male,0,0,35,United-States,0
29,Self-emp-inc,130856,HS-grad,9,Married-civ-spouse,Exec-managerial,Husband,White,Male,0,0,45,United-States,0
29,Private,336167,HS-grad,9,Never-married,Machine-op-inspct,Unmarried,Black,Female,0,0,30,United-States,0
48,State-gov,104542,Masters,14,Widowed,Prof-specialty,Unmarried,White,Female,0,0,40,United-States,0
54,Private,133403,Some-college,10,Married-civ-spouse,Machine-op-inspct,Husband,White,Male,0,0,40,United-States,0
22,Private,190290,Bachelors,13,Never-married,Other-service,Own-child,White,Male,0,0,10,United-States,0
28,Self-emp-not-inc,107236,12th,8,Married-civ-spouse,Craft-repair,Not-in-family,White,Male,0,0,40,United-States,0
39,Private,186719,Some-college,10,Separated,Craft-repair,Unmarried,White,Female,0,0,25,United-States,0
31,Private,20511,Bachelors,13,Never-married,Other-service,Not-in-family,White,Female,0,0,25,United-States,0
27,Private,160786,HS-grad,9,Divorced,Other-service,Not-in-family,White,Male,0,0,30,United-States,0
32,Self-emp-not-inc,97723,Assoc-voc,11,Never-married,Craft-repair,Not-in-family,White,Male,0,0,40,United-States,0
41,Self-emp-not-inc,155767,Some-college,10,Married-civ-spouse,Exec-managerial,Husband,White,Male,0,0,50,United-States,0
32,Private,352089,HS-grad,9,Divorced,Adm-clerical,Not-in-family,White,Female,0,0,38,United-States,0
33,Local-gov,96480,Masters,14,Never-married,Prof-specialty,Not-in-family,White,Female,0,0,40,Germany,0
23,State-gov,120172,HS-grad,9,Never-married,Tech-support,Not-in-family,White,Male,0,0,48,United-States,0
38,Private,154410,HS-grad,9,Married-civ-spouse,Craft-repair,Husband,White,Male,0,2051,40,Poland,0
59,Private,59584,HS-grad,9,Married-civ-spouse,Machine-op-inspct,Husband,Black,Male,0,0,40,United-States,0
48,Private,165267,10th,6,Married-civ-spouse,Farming-fishing,Husband,Black,Male,0,0,40,United-States,0
35,Self-emp-not-inc,207568,7th-8th,4,Married-civ-spouse,Farming-fishing,Husband,White,Male,0,0,75,United-States,0
23,,223019,Some-college,10,Never-married,,Own-child,White,Female,0,0,35,United-States,0
33,Private,268996,Assoc-voc,11,Divorced,Sales,Not-in-family,White,Male,0,0,25,United-States,0
33,Private,203488,Some-college,10,Divorced,Sales,Not-in-family,White,Male,0,0,40,United-States,0
22,Private,106615,Bachelors,13,Never-married,Exec-managerial,Own-child,White,Female,0,0,15,United-States,0
29,Local-gov,205262,Some-college,10,Never-married,Adm-clerical,Not-in-family,Other,Male,0,0,40,Ecuador,0
43,Private,210013,HS-grad,9,Married-civ-spouse,Craft-repair,Husband,White,Male,0,0,40,United-States,0
58,Private,289364,Some-college,10,Married-civ-spouse,Exec-managerial,Husband,White,Male,7688,0,45,United-States,1
54,Private,259323,Some-college,10,Married-civ-spouse,Prof-specialty,Husband,White,Male,0,0,40,United-States,1
26,Private,192022,Bachelors,13,Never-married,Other-service,Other-relative,White,Female,0,0,40,United-States,0
26,Private,160264,11th,7,Never-married,Other-service,Not-in-family,Black,Female,0,0,40,United-States,0
59,Private,142326,Assoc-voc,11,Divorced,Adm-clerical,Not-in-family,White,Female,0,0,40,United-States,0
26,Private,322614,Preschool,1,Married-spouse-absent,Machine-op-inspct,Not-in-family,White,Male,0,1719,40,Mexico,0
40,Self-emp-not-inc,170214,Bachelors,13,Married-civ-spouse,Transport-moving,Husband,White,Male,0,0,70,Iran,0
32,Private,34437,HS-grad,9,Never-married,Transport-moving,Own-child,White,Male,0,0,40,United-States,0
33,Private,103435,Assoc-voc,11,Separated,Prof-specialty,Not-in-family,White,Male,0,0,45,United-States,0
37,Private,208358,Some-college,10,Married-civ-spouse,Craft-repair,Husband,White,Male,0,0,40,United-States,1
42,State-gov,345969,Bachelors,13,Married-civ-spouse,Exec-managerial,Husband,White,Male,0,0,48,United-States,1
36,Private,181553,HS-grad,9,Married-civ-spouse,Other-service,Husband,White,Male,0,0,40,,0
23,Private,370548,HS-grad,9,Married-civ-spouse,Handlers-cleaners,Husband,White,Male,0,0,27,United-States,0
77,Private,271000,HS-grad,9,Widowed,Exec-managerial,Not-in-family,White,Female,0,0,40,United-States,1
32,Private,236415,HS-grad,9,Never-married,Adm-clerical,Not-in-family,White,Female,0,0,40,United-States,0
38,Private,170020,HS-grad,9,Married-civ-spouse,Machine-op-inspct,Husband,White,Male,3137,0,45,United-States,0
46,Private,377401,HS-grad,9,Married-civ-spouse,Transport-moving,Husband,White,Male,0,1902,70,Canada,1
27,Local-gov,123773,Assoc-acdm,12,Never-married,Adm-clerical,Unmarried,Black,Female,0,0,40,United-States,0
20,Private,122346,HS-grad,9,Never-married,Machine-op-inspct,Own-child,White,Male,0,0,40,United-States,0
23,Local-gov,210781,Bachelors,13,Never-married,Prof-specialty,Own-child,White,Female,0,0,15,United-States,0
61,,69285,HS-grad,9,Married-civ-spouse,,Husband,White,Male,0,0,37,United-States,0
49,Local-gov,31339,HS-grad,9,Married-civ-spouse,Craft-repair,Husband,White,Male,0,0,40,United-States,0
40,Private,206927,HS-grad,9,Married-civ-spouse,Craft-repair,Husband,White,Male,0,1887,40,United-States,1
24,State-gov,138513,Bachelors,13,Never-married,Prof-specialty,Not-in-family,White,Male,0,0,20,United-States,0
22,Private,109053,12th,8,Married-civ-spouse,Transport-moving,Husband,White,Male,0,0,40,United-States,0
25,Private,193787,Bachelors,13,Married-civ-spouse,Sales,Wife,White,Female,0,0,45,United-States,0
40,Self-emp-not-inc,89413,HS-grad,9,Married-civ-spouse,Craft-repair,Husband,White,Male,0,1672,40,United-States,0
26,Self-emp-not-inc,331861,Bachelors,13,Never-married,Sales,Not-in-family,White,Male,0,0,60,United-States,1
29,Private,24562,Bachelors,13,Divorced,Other-service,Unmarried,Other,Female,0,0,40,United-States,0
36,Private,207853,HS-grad,9,Divorced,Craft-repair,Own-child,White,Male,0,0,40,United-States,0
21,Private,255957,Some-college,10,Never-married,Exec-managerial,Not-in-family,White,Female,4101,0,40,United-States,0
48,Private,234504,HS-grad,9,Married-civ-spouse,Exec-managerial,Husband,White,Male,0,0,50,United-States,0
43,Private,142682,HS-grad,9,Married-civ-spouse,Transport-moving,Husband,White,Male,0,0,30,Dominican-Republic,0
48,State-gov,224474,Some-college,10,Divorced,Exec-managerial,Not-in-family,White,Female,0,0,40,United-States,0
48,Private,209182,Preschool,1,Separated,Other-service,Unmarried,White,Female,0,0,40,El-Salvador,0
67,Self-emp-not-inc,148690,Masters,14,Widowed,Prof-specialty,Not-in-family,White,Male,18481,0,2,United-States,1
62,Self-emp-not-inc,320376,HS-grad,9,Married-civ-spouse,Sales,Wife,White,Female,0,0,48,United-States,0
39,Private,117166,10th,6,Married-civ-spouse,Machine-op-inspct,Husband,White,Male,2635,0,40,United-States,0
57,State-gov,25045,Bachelors,13,Divorced,Adm-clerical,Unmarried,White,Male,2174,0,37,United-States,0
40,Private,356934,HS-grad,9,Married-civ-spouse,Craft-repair,Husband,White,Male,0,1902,45,United-States,1
26,Private,123384,HS-grad,9,Widowed,Adm-clerical,Unmarried,White,Female,0,0,20,United-States,0
47,Local-gov,109705,HS-grad,9,Divorced,Exec-managerial,Not-in-family,White,Female,0,0,40,United-States,0
55,Private,208451,Masters,14,Married-civ-spouse,Exec-managerial,Husband,White,Male,0,0,40,United-States,1
73,Local-gov,232871,7th-8th,4,Married-civ-spouse,Protective-serv,Husband,White,Male,2228,0,10,United-States,0
37,Private,127048,Some-college,10,Married-civ-spouse,Adm-clerical,Wife,White,Female,0,0,40,United-States,0
51,Private,147876,Some-college,10,Never-married,Adm-clerical,Own-child,White,Female,0,0,40,United-States,0
49,Private,132476,Doctorate,16,Divorced,Tech-support,Unmarried,White,Male,7430,0,40,United-States,1
43,Federal-gov,594194,HS-grad,9,Married-civ-spouse,Craft-repair,Husband,Black,Male,0,0,40,United-States,1
39,Private,115418,Some-college,10,Never-married,Adm-clerical,Own-child,White,Female,2174,0,45,United-States,0
35,Private,148015,Bachelors,13,Never-married,Sales,Own-child,Black,Female,0,0,40,United-States,0
54,Self-emp-not-inc,199741,HS-grad,9,Widowed,Craft-repair,Not-in-family,White,Male,0,2001,35,United-States,0
26,Private,102460,Some-college,10,Married-civ-spouse,Adm-clerical,Husband,White,Male,0,0,40,United-States,0
18,Private,89419,HS-grad,9,Never-married,Tech-support,Own-child,White,Female,0,0,10,United-States,0
39,Private,108540,HS-grad,9,Married-civ-spouse,Sales,Husband,White,Male,0,0,40,United-States,0
21,Private,377931,Some-college,10,Married-civ-spouse,Exec-managerial,Husband,White,Male,0,2377,48,United-States,0
68,Private,75913,12th,8,Widowed,Sales,Not-in-family,White,Female,0,0,30,United-States,0
33,Private,133503,HS-grad,9,Married-civ-spouse,Sales,Husband,White,Male,0,1977,45,United-States,1
28,Private,179191,HS-grad,9,Married-civ-spouse,Craft-repair,Husband,White,Male,0,0,35,United-States,0
52,Private,187938,Some-college,10,Divorced,Sales,Not-in-family,White,Female,0,0,49,United-States,0
35,Private,238342,HS-grad,9,Married-civ-spouse,Transport-moving,Husband,White,Male,0,0,40,United-States,0
19,Private,456736,Some-college,10,Never-married,Other-service,Not-in-family,White,Male,0,0,35,United-States,0
22,Private,208946,Some-college,10,Never-married,Machine-op-inspct,Not-in-family,White,Male,0,0,40,United-States,0
24,Private,186648,Assoc-acdm,12,Never-married,Sales,Own-child,White,Male,0,0,25,United-States,0
28,Private,129460,9th,5,Never-married,Craft-repair,Not-in-family,White,Male,0,0,40,El-Salvador,0
47,Private,150768,Bachelors,13,Divorced,Handlers-cleaners,Not-in-family,White,Male,0,1564,51,United-States,1
38,Self-emp-not-inc,190023,HS-grad,9,Married-civ-spouse,Transport-moving,Husband,White,Male,0,0,40,United-States,1
32,Private,68330,HS-grad,9,Married-civ-spouse,Craft-repair,Husband,White,Male,0,1485,40,United-States,0
36,Private,176536,Some-college,10,Separated,Adm-clerical,Other-relative,Amer-Indian-Eskimo,Female,0,0,42,United-States,0
19,,37332,HS-grad,9,Never-married,,Own-child,White,Female,1055,0,12,United-States,0
19,Private,106273,Some-college,10,Never-married,Sales,Own-child,White,Female,0,0,38,United-States,0
59,Private,187485,Some-college,10,Married-civ-spouse,Exec-managerial,Husband,White,Male,0,0,45,United-States,1
24,Private,314819,Some-college,10,Never-married,Craft-repair,Not-in-family,White,Male,2174,0,40,United-States,0
40,State-gov,55294,Bachelors,13,Married-civ-spouse,Prof-specialty,Husband,White,Male,0,0,40,United-States,1
17,Private,284277,11th,7,Never-married,Other-service,Own-child,White,Male,1055,0,20,United-States,0
59,Private,158813,Some-college,10,Married-civ-spouse,Exec-managerial,Husband,White,Male,0,0,60,United-States,1
24,Private,194829,HS-grad,9,Married-civ-spouse,Craft-repair,Husband,White,Male,0,0,45,United-States,1
43,Self-emp-not-inc,315971,Masters,14,Never-married,Exec-managerial,Not-in-family,White,Female,0,0,40,United-States,0
23,Private,203203,Bachelors,13,Never-married,Prof-specialty,Not-in-family,White,Female,0,0,40,United-States,0
35,,98080,Prof-school,15,Never-married,,Not-in-family,Asian-Pac-Islander,Male,4787,0,45,Japan,1
29,Local-gov,220656,Bachelors,13,Married-civ-spouse,Exec-managerial,Husband,Black,Male,0,0,40,United-States,1
54,Private,215990,HS-grad,9,Married-civ-spouse,Exec-managerial,Husband,White,Male,0,0,40,United-States,1
58,Private,128162,HS-grad,9,Divorced,Sales,Not-in-family,White,Female,0,0,24,United-States,0
73,Self-emp-not-inc,110102,HS-grad,9,Widowed,Farming-fishing,Not-in-family,White,Male,0,1668,77,United-States,0
59,Federal-gov,181940,HS-grad,9,Married-civ-spouse,Adm-clerical,Husband,White,Male,0,0,40,United-States,1
22,Private,118310,Assoc-acdm,12,Never-married,Prof-specialty,Own-child,White,Female,0,0,16,United-States,0
43,Private,84661,Assoc-voc,11,Married-civ-spouse,Sales,Husband,White,Male,0,0,45,United-States,0
19,Private,183041,11th,7,Never-married,Handlers-cleaners,Own-child,White,Male,0,0,24,United-States,0
52,Private,185283,Masters,14,Never-married,Prof-specialty,Not-in-family,White,Male,0,0,40,United-States,0
73,,200878,HS-grad,9,Widowed,,Not-in-family,White,Female,0,0,15,United-States,0
17,,145886,11th,7,Never-married,,Own-child,White,Female,0,0,30,United-States,0
61,,244856,Bachelors,13,Married-civ-spouse,,Husband,White,Male,4386,0,40,United-States,1
31,Private,87418,Assoc-voc,11,Married-civ-spouse,Exec-managerial,Husband,White,Male,0,0,40,United-States,0
51,Local-gov,252029,Doctorate,16,Divorced,Prof-specialty,Not-in-family,White,Female,0,0,45,United-States,1
31,Self-emp-not-inc,369648,Assoc-acdm,12,Married-civ-spouse,Craft-repair,Not-in-family,White,Male,0,0,50,United-States,1
24,Private,152724,HS-grad,9,Never-married,Machine-op-inspct,Unmarried,Black,Male,0,0,40,United-States,0
24,Private,180060,Assoc-acdm,12,Never-married,Craft-repair,Not-in-family,White,Male,2354,0,40,United-States,0
39,State-gov,235379,Assoc-acdm,12,Divorced,Prof-specialty,Not-in-family,White,Female,0,0,40,United-States,0
34,Local-gov,188682,Bachelors,13,Married-spouse-absent,Prof-specialty,Not-in-family,White,Female,0,0,40,United-States,0
23,Private,299047,Bachelors,13,Never-married,Sales,Not-in-family,White,Female,0,0,40,United-States,0
20,State-gov,243986,Some-college,10,Never-married,Prof-specialty,Own-child,White,Female,0,0,20,United-States,0
42,Private,269028,Doctorate,16,Married-civ-spouse,Prof-specialty,Husband,White,Male,0,0,40,France,0
41,Private,327723,HS-grad,9,Divorced,Exec-managerial,Not-in-family,White,Male,0,0,40,United-States,0
44,Private,164043,HS-grad,9,Married-civ-spouse,Sales,Husband,White,Male,0,0,40,United-States,0
30,Private,337494,Assoc-acdm,12,Never-married,Machine-op-inspct,Not-in-family,White,Male,0,0,48,United-States,0
63,Private,188914,HS-grad,9,Widowed,Machine-op-inspct,Other-relative,Black,Female,0,0,40,Haiti,0
29,Private,149902,Doctorate,16,Never-married,Prof-specialty,Not-in-family,White,Female,0,0,80,United-States,0
36,Private,102729,Some-college,10,Never-married,Craft-repair,Not-in-family,White,Male,0,0,40,United-States,0
53,Private,94081,Bachelors,13,Married-civ-spouse,Exec-managerial,Husband,White,Male,0,0,44,United-States,1
31,State-gov,113129,Some-college,10,Never-married,Other-service,Own-child,White,Female,0,0,65,United-States,0
38,Private,81232,Bachelors,13,Married-civ-spouse,Exec-managerial,Husband,White,Male,0,0,40,,1
76,,312500,5th-6th,3,Widowed,,Unmarried,White,Female,0,0,40,United-States,0
45,Private,114459,HS-grad,9,Married-civ-spouse,Craft-repair,Husband,White,Male,0,0,50,United-States,1
43,State-gov,60949,HS-grad,9,Married-civ-spouse,Craft-repair,Husband,White,Male,0,0,40,United-States,0
30,Private,272432,HS-grad,9,Never-married,Tech-support,Unmarried,White,Female,0,0,40,United-States,0
20,Private,178390,Some-college,10,Never-married,Other-service,Own-child,White,Male,0,0,30,United-States,0
43,Private,162887,Some-college,10,Married-civ-spouse,Exec-managerial,Husband,Black,Male,0,0,40,United-States,1
27,Private,125298,Some-college,10,Never-married,Adm-clerical,Unmarried,White,Female,0,0,50,United-States,0
36,Private,272950,Bachelors,13,Married-civ-spouse,Sales,Husband,White,Male,0,0,50,United-States,1
67,Private,70737,9th,5,Widowed,Handlers-cleaners,Unmarried,White,Female,0,0,32,United-States,0
44,Private,98779,10th,6,Married-civ-spouse,Machine-op-inspct,Husband,White,Male,4386,0,60,United-States,0
26,Private,335998,HS-grad,9,Never-married,Sales,Not-in-family,White,Female,0,0,38,United-States,0
45,Federal-gov,133973,Some-college,10,Divorced,Adm-clerical,Unmarried,White,Female,0,0,40,United-States,0
27,Private,101709,HS-grad,9,Never-married,Sales,Own-child,Asian-Pac-Islander,Male,0,0,40,United-States,0
18,Private,115815,HS-grad,9,Never-married,Machine-op-inspct,Own-child,White,Male,0,0,20,United-States,0
82,Self-emp-not-inc,121944,7th-8th,4,Married-civ-spouse,Exec-managerial,Husband,White,Male,0,0,40,United-States,0
51,Local-gov,110327,Bachelors,13,Married-civ-spouse,Exec-managerial,Husband,White,Male,0,0,40,United-States,1
30,Private,287908,HS-grad,9,Married-civ-spouse,Machine-op-inspct,Husband,Black,Male,0,0,40,United-States,0
47,Private,115358,HS-grad,9,Divorced,Exec-managerial,Unmarried,Black,Female,0,0,40,United-States,0
52,Local-gov,89705,Masters,14,Married-civ-spouse,Prof-specialty,Husband,White,Male,0,0,40,United-States,1
54,Federal-gov,33863,HS-grad,9,Married-civ-spouse,Adm-clerical,Husband,White,Male,0,0,40,United-States,1
20,Private,112706,11th,7,Never-married,Handlers-cleaners,Own-child,White,Male,0,0,39,United-States,0
31,Private,165503,11th,7,Married-civ-spouse,Other-service,Wife,White,Female,0,0,40,,0
39,Private,53447,HS-grad,9,Divorced,Farming-fishing,Not-in-family,White,Female,0,0,40,United-States,0
35,Private,31964,Bachelors,13,Married-civ-spouse,Sales,Husband,White,Male,0,0,50,United-States,1
56,Private,142182,Assoc-voc,11,Married-civ-spouse,Craft-repair,Husband,White,Male,0,0,45,United-States,1
77,Self-emp-not-inc,138714,Some-college,10,Married-civ-spouse,Sales,Husband,White,Male,0,0,40,United-States,0
67,Self-emp-inc,22313,Some-college,10,Married-civ-spouse,Sales,Husband,White,Male,20051,0,40,United-States,1
39,Private,98941,HS-grad,9,Married-civ-spouse,Craft-repair,Husband,White,Male,0,0,40,United-States,0
20,Private,216811,Some-college,10,Never-married,Sales,Own-child,White,Female,0,0,40,United-States,0
27,Private,132963,HS-grad,9,Married-civ-spouse,Handlers-cleaners,Husband,Black,Male,0,0,40,United-States,0
72,Private,106890,Assoc-voc,11,Widowed,Adm-clerical,Not-in-family,White,Female,0,0,40,United-States,0
58,Private,160662,10th,6,Married-civ-spouse,Craft-repair,Husband,White,Male,0,0,40,United-States,1
53,Private,158993,10th,6,Separated,Other-service,Unmarried,Black,Female,0,0,40,United-States,0
35,Private,216711,HS-grad,9,Married-civ-spouse,Craft-repair,Husband,White,Male,0,0,40,United-States,1
77,Private,189173,HS-grad,9,Married-civ-spouse,Prof-specialty,Husband,White,Male,0,0,35,United-States,0
21,Private,296158,10th,6,Married-civ-spouse,Other-service,Husband,White,Male,0,0,25,United-States,0
20,Private,444554,10th,6,Never-married,Handlers-cleaners,Own-child,White,Male,0,0,40,United-States,0
32,Private,202729,HS-grad,9,Married-civ-spouse,Transport-moving,Own-child,White,Male,0,0,40,United-States,0
40,Local-gov,50563,Masters,14,Married-civ-spouse,Exec-managerial,Husband,Black,Male,0,0,55,United-States,1
32,Private,100837,HS-grad,9,Married-civ-spouse,Machine-op-inspct,Husband,White,Male,0,2002,66,United-States,0
35,Private,162358,Bachelors,13,Never-married,Exec-managerial,Not-in-family,White,Female,0,0,50,United-States,1
21,Private,195248,Some-college,10,Never-married,Sales,Own-child,Other,Female,0,0,20,United-States,0
35,Private,133839,Some-college,10,Married-civ-spouse,Machine-op-inspct,Husband,White,Male,0,0,40,United-States,1
64,Local-gov,116620,Masters,14,Married-civ-spouse,Prof-specialty,Husband,White,Male,0,0,25,United-States,0
31,Private,204829,HS-grad,9,Divorced,Machine-op-inspct,Not-in-family,White,Male,0,0,40,United-States,0
44,Private,326232,Bachelors,13,Divorced,Exec-managerial,Unmarried,White,Male,0,2547,50,United-States,1
35,Self-emp-not-inc,128876,7th-8th,4,Married-civ-spouse,Farming-fishing,Husband,White,Male,0,0,40,United-States,0
39,Private,35890,Bachelors,13,Married-civ-spouse,Sales,Husband,White,Male,0,0,50,United-States,1
26,Local-gov,192213,Masters,14,Never-married,Prof-specialty,Not-in-family,White,Female,0,0,40,Canada,0
30,State-gov,295612,HS-grad,9,Separated,Adm-clerical,Not-in-family,White,Female,0,0,40,United-States,0
55,Private,173093,Some-college,10,Divorced,Adm-clerical,Not-in-family,Asian-Pac-Islander,Female,0,0,40,United-States,0
42,Private,165815,Assoc-voc,11,Married-civ-spouse,Craft-repair,Husband,White,Male,0,0,40,United-States,0
34,Private,176244,HS-grad,9,Married-civ-spouse,Machine-op-inspct,Other-relative,White,Female,0,0,40,Mexico,0
27,Private,162104,7th-8th,4,Never-married,Priv-house-serv,Own-child,White,Female,0,0,30,United-States,0
37,Private,127772,Bachelors,13,Married-civ-spouse,Exec-managerial,Husband,White,Male,0,0,50,United-States,1
28,Private,180007,Some-college,10,Never-married,Handlers-cleaners,Own-child,White,Male,0,0,40,United-States,0
47,Private,23545,Some-college,10,Married-civ-spouse,Handlers-cleaners,Husband,White,Male,0,0,40,United-States,0
25,Private,224361,HS-grad,9,Never-married,Other-service,Not-in-family,White,Male,0,0,40,United-States,0
23,Private,173535,HS-grad,9,Never-married,Sales,Own-child,White,Male,0,0,40,United-States,0
48,Self-emp-not-inc,221464,11th,7,Married-civ-spouse,Exec-managerial,Wife,White,Female,0,0,30,United-States,1
23,Private,160968,Some-college,10,Never-married,Prof-specialty,Own-child,White,Male,0,0,10,United-States,0
48,Private,379883,Masters,14,Married-civ-spouse,Prof-specialty,Husband,White,Male,0,0,40,Cuba,1
20,Private,147171,Some-college,10,Never-married,Adm-clerical,Unmarried,Asian-Pac-Islander,Female,0,0,40,Vietnam,0
30,Private,154297,10th,6,Never-married,Machine-op-inspct,Unmarried,Black,Female,0,0,40,United-States,0
27,Private,169460,Bachelors,13,Married-civ-spouse,Exec-managerial,Husband,White,Male,0,0,40,United-States,0
28,Private,129882,Some-college,10,Never-married,Adm-clerical,Unmarried,Black,Female,0,0,40,United-States,0
25,State-gov,257064,Some-college,10,Married-civ-spouse,Adm-clerical,Husband,Black,Male,0,0,38,United-States,0
27,Private,367329,Assoc-voc,11,Married-civ-spouse,Farming-fishing,Husband,White,Male,0,0,40,United-States,0
32,Private,65942,HS-grad,9,Never-married,Other-service,Not-in-family,White,Female,0,0,56,United-States,0
18,,297396,HS-grad,9,Never-married,,Own-child,White,Male,0,0,10,United-States,0
63,Private,158199,1st-4th,2,Widowed,Machine-op-inspct,Unmarried,White,Female,0,0,44,Portugal,0
39,Local-gov,163278,Some-college,10,Never-married,Adm-clerical,Not-in-family,White,Female,2202,0,44,United-States,0
58,Private,190747,HS-grad,9,Married-civ-spouse,Machine-op-inspct,Husband,White,Male,0,0,40,United-States,0
74,Local-gov,214514,7th-8th,4,Married-civ-spouse,Protective-serv,Husband,White,Male,0,0,40,United-States,0
39,Private,85783,Bachelors,13,Married-civ-spouse,Adm-clerical,Wife,White,Female,0,0,28,United-States,0
40,Private,249039,HS-grad,9,Divorced,Adm-clerical,Not-in-family,White,Female,0,0,40,United-States,0
21,Private,116968,Some-college,10,Never-married,Adm-clerical,Own-child,White,Male,2597,0,40,United-States,0
39,Private,106964,Masters,14,Married-civ-spouse,Sales,Husband,White,Male,0,1977,55,United-States,1
26,Private,305129,11th,7,Married-civ-spouse,Craft-repair,Husband,White,Male,0,0,45,United-States,0
28,Private,175262,HS-grad,9,Married-civ-spouse,Machine-op-inspct,Own-child,White,Male,0,0,40,United-States,0
19,Private,322866,HS-grad,9,Never-married,Other-service,Own-child,Black,Female,0,0,40,United-States,0
44,Private,121012,Bachelors,13,Married-civ-spouse,Exec-managerial,Husband,White,Male,5013,0,45,United-States,0
51,Local-gov,227261,Some-college,10,Divorced,Protective-serv,Unmarried,Black,Female,0,0,40,United-States,0
40,Private,115932,Bachelors,13,Married-civ-spouse,Prof-specialty,Husband,White,Male,0,0,60,Ireland,1
26,Self-emp-inc,189502,Bachelors,13,Married-civ-spouse,Sales,Husband,White,Male,0,0,80,United-States,1
53,Private,123703,HS-grad,9,Divorced,Transport-moving,Not-in-family,White,Male,0,0,40,United-States,0
53,Self-emp-inc,152810,HS-grad,9,Married-civ-spouse,Craft-repair,Husband,White,Male,5178,0,45,United-States,1
46,Private,197332,Masters,14,Married-civ-spouse,Prof-specialty,Husband,White,Male,7688,0,46,United-States,1
31,Private,96480,HS-grad,9,Never-married,Adm-clerical,Not-in-family,White,Female,0,0,50,United-States,0
33,Private,196266,HS-grad,9,Married-civ-spouse,Craft-repair,Husband,White,Male,0,0,40,United-States,1
24,Private,225515,Bachelors,13,Never-married,Exec-managerial,Not-in-family,White,Female,0,0,40,United-States,0
25,Local-gov,45474,Bachelors,13,Married-civ-spouse,Prof-specialty,Husband,White,Male,0,0,60,United-States,0
47,Private,287480,Some-college,10,Married-civ-spouse,Craft-repair,Husband,White,Male,0,0,40,United-States,0
26,Self-emp-not-inc,202560,Some-college,10,Never-married,Prof-specialty,Own-child,White,Female,0,0,35,United-States,0
37,Self-emp-not-inc,126738,HS-grad,9,Married-civ-spouse,Farming-fishing,Husband,White,Male,0,0,72,United-States,0
61,Private,146788,7th-8th,4,Married-civ-spouse,Transport-moving,Husband,White,Male,0,0,40,United-States,0
48,Private,172695,Assoc-voc,11,Divorced,Other-service,Own-child,White,Female,0,0,40,United-States,0
28,Self-emp-not-inc,195607,HS-grad,9,Married-civ-spouse,Sales,Wife,White,Female,0,0,40,United-States,0
45,Private,240554,Bachelors,13,Married-civ-spouse,Exec-managerial,Husband,White,Male,0,0,40,United-States,1
25,Private,178505,Some-college,10,Never-married,Exec-managerial,Other-relative,White,Female,0,1504,45,United-States,0
34,Private,113838,Some-college,10,Married-civ-spouse,Craft-repair,Husband,White,Male,0,0,45,United-States,0
25,State-gov,157617,HS-grad,9,Never-married,Exec-managerial,Not-in-family,White,Male,0,0,40,United-States,0
60,Private,175273,HS-grad,9,Widowed,Machine-op-inspct,Unmarried,White,Female,0,0,40,United-States,0
38,Self-emp-not-inc,53628,Assoc-voc,11,Divorced,Exec-managerial,Unmarried,White,Male,0,0,35,United-States,0
46,State-gov,54260,Bachelors,13,Married-civ-spouse,Prof-specialty,Husband,White,Male,0,0,10,United-States,1
48,State-gov,98010,Masters,14,Married-civ-spouse,Prof-specialty,Wife,White,Female,0,0,16,United-States,1
43,Private,124919,HS-grad,9,Married-civ-spouse,Other-service,Husband,Asian-Pac-Islander,Male,0,0,60,Japan,0
22,Private,213834,Assoc-voc,11,Never-married,Sales,Own-child,White,Female,0,0,20,United-States,0
20,Private,219122,Some-college,10,Never-married,Other-service,Not-in-family,White,Male,0,0,40,United-States,0
23,Private,179413,HS-grad,9,Married-civ-spouse,Craft-repair,Husband,White,Male,0,0,40,United-States,0
44,Local-gov,177240,Prof-school,15,Never-married,Prof-specialty,Not-in-family,White,Male,10520,0,40,United-States,1
42,Self-emp-not-inc,29320,Prof-school,15,Divorced,Prof-specialty,Unmarried,White,Male,0,0,60,United-States,1
29,State-gov,240738,HS-grad,9,Married-civ-spouse,Craft-repair,Husband,White,Male,0,0,40,United-States,1
45,Private,187901,HS-grad,9,Divorced,Farming-fishing,Not-in-family,White,Male,0,2258,44,United-States,1
38,Private,316211,HS-grad,9,Divorced,Craft-repair,Own-child,White,Male,0,0,40,United-States,0
27,Private,284250,Some-college,10,Married-civ-spouse,Adm-clerical,Own-child,Black,Female,0,0,40,United-States,0
40,Self-emp-inc,209344,HS-grad,9,Divorced,Adm-clerical,Unmarried,White,Female,0,0,15,,0
49,State-gov,423222,Masters,14,Married-civ-spouse,Sales,Husband,White,Male,99999,0,80,United-States,1
21,,80680,HS-grad,9,Never-married,,Not-in-family,White,Female,0,0,40,United-States,0
28,Private,84547,Bachelors,13,Married-civ-spouse,Tech-support,Husband,White,Male,0,0,40,United-States,1
64,Private,216208,Some-college,10,Widowed,Sales,Not-in-family,White,Female,0,0,40,United-States,0
63,Local-gov,150079,HS-grad,9,Married-civ-spouse,Adm-clerical,Wife,White,Female,0,0,35,United-States,1
36,Self-emp-not-inc,67728,Bachelors,13,Married-civ-spouse,Sales,Husband,White,Male,0,0,50,United-States,1
42,Self-emp-inc,149102,Assoc-voc,11,Never-married,Craft-repair,Own-child,White,Male,0,0,40,United-States,0
32,Private,604506,HS-grad,9,Married-civ-spouse,Transport-moving,Own-child,White,Male,0,0,72,Mexico,0
19,,230874,Some-college,10,Never-married,,Own-child,White,Female,0,0,40,United-States,0
34,Private,234537,Assoc-acdm,12,Divorced,Sales,Not-in-family,White,Male,0,0,40,United-States,0
24,State-gov,147147,Bachelors,13,Never-married,Adm-clerical,Not-in-family,Black,Female,0,0,20,United-States,0
35,Private,255635,9th,5,Married-civ-spouse,Craft-repair,Husband,Other,Male,0,0,40,Mexico,0
45,Local-gov,186375,Assoc-voc,11,Married-civ-spouse,Protective-serv,Husband,White,Male,0,0,40,United-States,0
41,Private,113491,Some-college,10,Married-civ-spouse,Prof-specialty,Husband,White,Male,0,0,40,United-States,1
50,Self-emp-not-inc,114758,Bachelors,13,Never-married,Craft-repair,Not-in-family,White,Male,4416,0,45,United-States,0
45,Private,168262,Masters,14,Divorced,Prof-specialty,Not-in-family,White,Male,0,0,40,United-States,0
50,Private,33304,HS-grad,9,Married-civ-spouse,Craft-repair,Husband,White,Male,0,0,40,United-States,1
27,Private,37250,Some-college,10,Married-civ-spouse,Machine-op-inspct,Husband,White,Male,0,1651,40,United-States,0
33,Private,119176,Some-college,10,Widowed,Adm-clerical,Unmarried,White,Female,0,0,40,United-States,0
42,Private,336643,Assoc-voc,11,Separated,Prof-specialty,Unmarried,White,Female,0,0,40,United-States,0
46,Private,107737,Some-college,10,Married-civ-spouse,Sales,Husband,White,Male,0,0,40,United-States,0
42,Private,173590,Some-college,10,Married-civ-spouse,Adm-clerical,Husband,White,Male,0,1628,40,United-States,0
58,,158506,11th,7,Married-civ-spouse,,Husband,White,Male,0,0,16,United-States,0
32,Private,152109,HS-grad,9,Married-civ-spouse,Craft-repair,Husband,White,Male,0,0,48,United-States,0
48,Local-gov,193960,Masters,14,Married-civ-spouse,Prof-specialty,Husband,White,Male,7688,0,50,United-States,1
29,Private,122127,Bachelors,13,Never-married,Prof-specialty,Not-in-family,White,Female,8614,0,40,United-States,1
52,Private,210736,Some-college,10,Married-civ-spouse,Exec-managerial,Husband,White,Male,3103,0,55,United-States,1
41,Self-emp-not-inc,147110,HS-grad,9,Married-civ-spouse,Machine-op-inspct,Husband,White,Male,0,0,25,United-States,0
23,Local-gov,117618,Bachelors,13,Never-married,Prof-specialty,Own-child,White,Male,0,0,24,United-States,0
38,Private,149419,Assoc-voc,11,Never-married,Tech-support,Not-in-family,White,Male,0,0,50,United-States,0
47,Private,287828,Bachelors,13,Married-civ-spouse,Exec-managerial,Wife,White,Female,0,0,40,United-States,1
29,Private,244395,11th,7,Never-married,Other-service,Unmarried,Black,Female,0,0,40,United-States,0
32,Private,172415,HS-grad,9,Never-married,Other-service,Unmarried,Black,Female,0,0,40,United-States,0
40,Private,145441,Bachelors,13,Married-civ-spouse,Prof-specialty,Husband,White,Male,0,0,40,United-States,1
22,Private,273675,HS-grad,9,Married-spouse-absent,Other-service,Other-relative,Black,Female,0,0,35,Puerto-Rico,0
36,Private,176544,Some-college,10,Never-married,Other-service,Not-in-family,White,Male,0,0,48,United-States,0
50,Local-gov,105788,HS-grad,9,Separated,Exec-managerial,Unmarried,Black,Female,6497,0,35,United-States,0
52,Private,150930,Assoc-voc,11,Married-civ-spouse,Craft-repair,Husband,White,Male,0,0,40,United-States,0
52,Self-emp-not-inc,185407,Bachelors,13,Married-civ-spouse,Exec-managerial,Husband,White,Male,0,0,50,United-States,1
27,Private,221366,Some-college,10,Married-civ-spouse,Prof-specialty,Husband,White,Male,3103,0,50,United-States,1
55,Self-emp-not-inc,96459,10th,6,Married-civ-spouse,Farming-fishing,Husband,White,Male,0,1887,70,United-States,1
50,Private,94081,HS-grad,9,Married-civ-spouse,Exec-managerial,Husband,White,Male,0,0,40,United-States,1
48,Private,207120,Some-college,10,Married-civ-spouse,Prof-specialty,Husband,White,Male,0,0,40,United-States,0
25,Private,201579,9th,5,Never-married,Craft-repair,Not-in-family,White,Male,0,0,40,Mexico,0
36,,53606,Assoc-voc,11,Married-civ-spouse,,Wife,White,Female,3908,0,8,United-States,0
24,Private,125010,Bachelors,13,Never-married,Adm-clerical,Own-child,White,Female,0,0,45,United-States,0
55,Private,193568,HS-grad,9,Widowed,Adm-clerical,Not-in-family,White,Female,0,0,40,United-States,0
52,Private,113094,Bachelors,13,Separated,Adm-clerical,Unmarried,White,Female,0,1092,40,United-States,0
29,Private,77572,Assoc-acdm,12,Never-married,Adm-clerical,Not-in-family,Asian-Pac-Islander,Female,0,0,40,United-States,0
53,Private,209906,1st-4th,2,Married-civ-spouse,Other-service,Husband,Black,Male,0,0,35,Puerto-Rico,0
40,Private,115161,HS-grad,9,Married-civ-spouse,Transport-moving,Husband,White,Male,0,0,30,United-States,0
35,Private,388252,Assoc-voc,11,Married-civ-spouse,Adm-clerical,Husband,Black,Male,0,0,40,United-States,0
56,Private,197577,HS-grad,9,Divorced,Other-service,Not-in-family,White,Female,0,0,40,United-States,0
22,Private,406978,Bachelors,13,Never-married,Exec-managerial,Other-relative,White,Female,0,0,40,United-States,0
61,Local-gov,119563,HS-grad,9,Married-spouse-absent,Other-service,Not-in-family,White,Female,0,0,25,United-States,0
43,Private,105936,HS-grad,9,Married-civ-spouse,Adm-clerical,Wife,White,Female,0,0,35,United-States,1
24,Private,201145,HS-grad,9,Never-married,Craft-repair,Not-in-family,White,Male,0,0,65,United-States,0
49,Local-gov,106554,Bachelors,13,Divorced,Prof-specialty,Unmarried,White,Female,0,0,40,United-States,1
43,Private,112763,HS-grad,9,Never-married,Adm-clerical,Unmarried,White,Female,8614,0,43,United-States,1
55,Private,308118,Bachelors,13,Widowed,Machine-op-inspct,Unmarried,White,Female,0,0,40,,0
29,Local-gov,142443,Bachelors,13,Married-civ-spouse,Prof-specialty,Husband,White,Male,0,0,60,United-States,0
55,Private,84774,HS-grad,9,Married-civ-spouse,Priv-house-serv,Wife,White,Female,0,0,30,United-States,0
37,Private,162322,Assoc-voc,11,Separated,Craft-repair,Not-in-family,White,Female,0,0,40,United-States,0
43,Local-gov,343068,Masters,14,Divorced,Prof-specialty,Not-in-family,White,Female,0,0,65,United-States,0
31,Local-gov,265706,Bachelors,13,Never-married,Protective-serv,Not-in-family,White,Male,4650,0,40,United-States,0
49,Self-emp-not-inc,181547,Assoc-acdm,12,Married-civ-spouse,Craft-repair,Husband,White,Male,0,0,30,Columbia,0
33,,335625,Some-college,10,Divorced,,Not-in-family,White,Female,0,0,40,United-States,0
40,Self-emp-inc,111483,Bachelors,13,Never-married,Prof-specialty,Own-child,White,Male,0,0,40,United-States,0
19,Private,271446,Some-college,10,Never-married,Other-service,Own-child,White,Female,0,0,25,United-States,0
22,Self-emp-not-inc,210165,Some-college,10,Never-married,Craft-repair,Not-in-family,White,Male,0,0,40,United-States,0
38,Private,162551,HS-grad,9,Never-married,Exec-managerial,Not-in-family,Asian-Pac-Islander,Female,0,0,35,Hong,0
28,Private,193868,Bachelors,13,Never-married,Tech-support,Own-child,White,Male,0,0,50,United-States,0
40,Local-gov,269168,HS-grad,9,Married-civ-spouse,Other-service,Husband,Other,Male,0,0,40,,0
23,Private,202989,HS-grad,9,Never-married,Prof-specialty,Not-in-family,White,Male,0,0,40,Canada,0
31,Private,147270,Some-college,10,Never-married,Adm-clerical,Own-child,White,Female,0,0,35,United-States,0
59,Private,284834,Bachelors,13,Married-civ-spouse,Adm-clerical,Wife,White,Female,2885,0,30,United-States,0
39,Private,236391,HS-grad,9,Married-civ-spouse,Transport-moving,Husband,White,Male,0,0,50,United-States,1
21,Private,35603,HS-grad,9,Never-married,Protective-serv,Not-in-family,Black,Male,0,0,11,United-States,0
21,Private,313702,Some-college,10,Never-married,Sales,Not-in-family,White,Male,0,0,40,United-States,0
26,Private,242768,Bachelors,13,Never-married,Prof-specialty,Not-in-family,White,Male,0,0,38,United-States,0
43,Private,326379,HS-grad,9,Divorced,Craft-repair,Not-in-family,White,Male,0,0,40,United-States,0
37,Private,262409,Masters,14,Divorced,Exec-managerial,Unmarried,White,Female,0,213,45,United-States,0
24,Private,500509,HS-grad,9,Never-married,Other-service,Own-child,Black,Male,0,0,40,United-States,0
38,Private,196554,Prof-school,15,Separated,Prof-specialty,Not-in-family,White,Male,0,0,35,United-States,1
35,Self-emp-not-inc,166416,HS-grad,9,Married-civ-spouse,Farming-fishing,Husband,White,Male,0,0,99,United-States,0
33,Self-emp-not-inc,124187,Assoc-acdm,12,Never-married,Other-service,Not-in-family,Black,Male,0,0,32,United-States,0
66,Self-emp-not-inc,99927,HS-grad,9,Widowed,Tech-support,Not-in-family,White,Female,0,0,45,United-States,0
21,Private,154835,Some-college,10,Never-married,Adm-clerical,Own-child,Asian-Pac-Islander,Female,0,0,40,Vietnam,0
40,Private,193882,Assoc-voc,11,Never-married,Machine-op-inspct,Own-child,White,Male,0,0,40,United-States,0
50,Private,181585,Some-college,10,Separated,Sales,Unmarried,White,Female,0,0,40,United-States,0
51,Private,142835,11th,7,Married-civ-spouse,Machine-op-inspct,Husband,White,Male,0,0,40,United-States,0
70,,152837,HS-grad,9,Widowed,,Unmarried,White,Female,0,0,20,United-States,0
35,Private,180419,HS-grad,9,Never-married,Machine-op-inspct,Not-in-family,White,Male,0,0,40,United-States,0
34,Local-gov,22641,HS-grad,9,Never-married,Protective-serv,Not-in-family,Amer-Indian-Eskimo,Male,0,0,40,United-States,0
32,Private,45796,12th,8,Married-civ-spouse,Handlers-cleaners,Husband,White,Male,0,0,40,United-States,0
30,Private,235847,Bachelors,13,Never-married,Other-service,Own-child,White,Female,0,0,24,United-States,0
50,Private,178529,11th,7,Divorced,Protective-serv,Not-in-family,White,Female,0,0,40,United-States,0
33,Private,159303,HS-grad,9,Divorced,Other-service,Unmarried,White,Female,0,0,40,United-States,0
50,State-gov,238187,Bachelors,13,Divorced,Adm-clerical,Not-in-family,Black,Female,0,0,37,United-States,0
34,Private,410615,Assoc-acdm,12,Married-civ-spouse,Exec-managerial,Husband,White,Male,0,0,60,United-States,1
27,Private,152231,Some-college,10,Married-civ-spouse,Machine-op-inspct,Husband,White,Male,0,0,45,United-States,0
47,Federal-gov,146786,Assoc-voc,11,Married-civ-spouse,Adm-clerical,Husband,White,Male,0,0,40,United-States,0
56,Private,149686,9th,5,Widowed,Machine-op-inspct,Unmarried,White,Female,0,0,40,United-States,0
36,Private,115834,Assoc-voc,11,Married-civ-spouse,Exec-managerial,Wife,White,Female,7298,0,55,United-States,1
46,Private,186539,HS-grad,9,Divorced,Craft-repair,Other-relative,White,Male,0,0,48,United-States,1
31,Self-emp-not-inc,209213,HS-grad,9,Never-married,Sales,Not-in-family,Black,Male,0,0,40,,0
57,Private,98350,Prof-school,15,Married-civ-spouse,Craft-repair,Husband,Asian-Pac-Islander,Male,0,1902,40,Philippines,1
47,Private,347088,5th-6th,3,Separated,Other-service,Unmarried,White,Female,0,0,40,United-States,0
47,Private,251508,HS-grad,9,Divorced,Tech-support,Not-in-family,White,Female,0,0,36,United-States,0
23,Private,123490,11th,7,Divorced,Other-service,Unmarried,White,Female,0,0,35,United-States,0
44,Private,154993,Some-college,10,Separated,Craft-repair,Unmarried,White,Female,0,0,55,United-States,0
21,Private,182606,Some-college,10,Never-married,Other-service,Own-child,Black,Male,0,0,40,,0
35,Private,187329,Bachelors,13,Never-married,Prof-specialty,Not-in-family,White,Female,0,0,40,United-States,0
42,Private,364832,7th-8th,4,Divorced,Sales,Not-in-family,White,Female,0,0,40,United-States,0
45,Local-gov,132563,Prof-school,15,Divorced,Prof-specialty,Unmarried,Black,Female,0,1726,40,United-States,0
47,Private,339863,HS-grad,9,Married-civ-spouse,Sales,Husband,White,Male,0,0,45,United-States,1
39,Private,151023,Some-college,10,Divorced,Adm-clerical,Unmarried,White,Female,114,0,45,United-States,0
30,State-gov,185384,HS-grad,9,Divorced,Other-service,Unmarried,White,Female,0,0,50,United-States,0
32,,158784,7th-8th,4,Widowed,,Not-in-family,White,Female,0,0,40,United-States,0
31,Local-gov,58624,HS-grad,9,Never-married,Transport-moving,Own-child,White,Male,0,0,40,United-States,0
44,Private,67065,Assoc-voc,11,Never-married,Priv-house-serv,Not-in-family,White,Male,594,0,25,United-States,0
39,Private,117683,10th,6,Married-civ-spouse,Handlers-cleaners,Husband,White,Male,0,0,45,United-States,0
62,,81578,HS-grad,9,Married-civ-spouse,,Husband,White,Male,0,0,40,United-States,1
28,Self-emp-not-inc,35032,Bachelors,13,Never-married,Exec-managerial,Not-in-family,White,Male,0,0,50,United-States,0
29,Private,196117,Bachelors,13,Never-married,Sales,Own-child,White,Female,0,0,40,United-States,0
31,Private,240771,Some-college,10,Married-civ-spouse,Craft-repair,Husband,White,Male,4386,0,50,United-States,1
62,,197286,HS-grad,9,Married-civ-spouse,,Husband,White,Male,0,0,40,United-States,0
40,Private,244172,5th-6th,3,Married-civ-spouse,Craft-repair,Husband,White,Male,0,0,40,United-States,0
29,Private,101108,HS-grad,9,Divorced,Other-service,Not-in-family,White,Female,0,0,15,United-States,0
38,Private,33397,HS-grad,9,Divorced,Sales,Unmarried,White,Female,0,0,40,United-States,0
35,Self-emp-inc,289430,Masters,14,Married-civ-spouse,Sales,Husband,White,Male,0,0,45,Mexico,1
53,Private,119170,HS-grad,9,Married-civ-spouse,Transport-moving,Husband,Black,Male,0,1740,40,United-States,0
32,Private,252646,Assoc-voc,11,Married-civ-spouse,Craft-repair,Husband,White,Male,0,0,40,United-States,1
38,Private,114059,Some-college,10,Married-civ-spouse,Sales,Husband,White,Male,0,0,60,United-States,0
47,Private,236805,Some-college,10,Divorced,Sales,Unmarried,White,Female,0,0,60,United-States,0
23,Private,119838,Bachelors,13,Never-married,Prof-specialty,Own-child,White,Male,0,0,50,United-States,0
29,Private,232784,Assoc-acdm,12,Never-married,Exec-managerial,Own-child,White,Male,0,0,40,United-States,0
26,Private,295055,HS-grad,9,Never-married,Machine-op-inspct,Own-child,Black,Male,0,0,40,United-States,0
28,Private,73037,10th,6,Never-married,Transport-moving,Unmarried,White,Male,0,0,30,United-States,0
20,Private,431745,Some-college,10,Never-married,Adm-clerical,Not-in-family,Black,Female,0,0,14,United-States,0
68,Private,45508,5th-6th,3,Married-spouse-absent,Sales,Not-in-family,White,Male,0,0,22,United-States,0
22,Private,103440,HS-grad,9,Never-married,Other-service,Not-in-family,White,Female,0,0,24,United-States,0
31,Private,114937,Bachelors,13,Married-civ-spouse,Prof-specialty,Husband,White,Male,0,0,35,United-States,0
52,Private,228516,Some-college,10,Married-civ-spouse,Other-service,Husband,White,Male,0,0,35,United-States,1
28,Federal-gov,188278,Bachelors,13,Never-married,Protective-serv,Not-in-family,White,Male,0,0,50,United-States,0
23,Private,157839,Assoc-acdm,12,Never-married,Prof-specialty,Not-in-family,White,Female,0,0,35,United-States,0
27,Private,198286,Some-college,10,Married-spouse-absent,Exec-managerial,Not-in-family,White,Female,0,0,40,United-States,0
45,Self-emp-not-inc,298130,HS-grad,9,Married-civ-spouse,Exec-managerial,Husband,White,Male,0,0,25,United-States,0
59,Private,59469,Bachelors,13,Married-civ-spouse,Craft-repair,Husband,White,Male,0,0,50,United-States,1
35,Private,65876,Assoc-voc,11,Married-civ-spouse,Craft-repair,Husband,White,Male,0,0,42,United-States,1
29,Private,77009,11th,7,Separated,Sales,Not-in-family,White,Female,0,2754,42,United-States,0
22,Private,113464,HS-grad,9,Married-civ-spouse,Transport-moving,Husband,Other,Male,0,0,40,Dominican-Republic,0
40,Private,231991,HS-grad,9,Divorced,Exec-managerial,Unmarried,White,Female,0,0,40,United-States,0
23,Private,134997,HS-grad,9,Divorced,Other-service,Unmarried,White,Female,0,0,80,United-States,0
25,Private,232914,Bachelors,13,Married-civ-spouse,Adm-clerical,Wife,Black,Female,0,0,38,United-States,0
43,State-gov,125831,Bachelors,13,Never-married,Prof-specialty,Own-child,White,Male,99999,0,60,United-States,1
53,Private,211654,Some-college,10,Married-civ-spouse,Craft-repair,Husband,White,Male,0,0,50,,1
35,State-gov,225385,HS-grad,9,Divorced,Prof-specialty,Unmarried,White,Female,0,0,40,United-States,0
55,Private,127677,Some-college,10,Married-civ-spouse,Transport-moving,Husband,White,Male,0,0,60,United-States,0
52,Private,180062,Some-college,10,Married-civ-spouse,Exec-managerial,Husband,White,Male,0,0,60,United-States,0
54,Self-emp-not-inc,109413,Bachelors,13,Married-civ-spouse,Farming-fishing,Husband,White,Male,0,0,50,United-States,0
39,State-gov,112812,HS-grad,9,Married-civ-spouse,Protective-serv,Other-relative,White,Female,0,0,40,United-States,0
46,Private,178642,HS-grad,9,Married-civ-spouse,Handlers-cleaners,Wife,White,Female,0,0,40,United-States,1
28,Private,249870,Prof-school,15,Never-married,Prof-specialty,Not-in-family,Black,Male,0,0,50,United-States,0
29,Private,67218,Bachelors,13,Married-civ-spouse,Prof-specialty,Husband,White,Male,0,0,40,United-States,1
28,State-gov,175389,Assoc-acdm,12,Never-married,Adm-clerical,Own-child,White,Female,0,0,40,Mexico,0
41,Private,197093,Bachelors,13,Divorced,Prof-specialty,Not-in-family,Black,Male,0,0,40,United-States,0
49,Private,122206,Assoc-voc,11,Married-civ-spouse,Sales,Husband,White,Male,0,0,25,United-States,0
49,Private,147032,HS-grad,9,Married-civ-spouse,Other-service,Wife,Asian-Pac-Islander,Female,0,0,8,Philippines,0
40,Private,110622,Prof-school,15,Married-civ-spouse,Adm-clerical,Other-relative,Asian-Pac-Islander,Female,0,0,40,Philippines,0
31,Private,191001,HS-grad,9,Never-married,Sales,Not-in-family,White,Female,0,0,40,United-States,0
21,,285830,HS-grad,9,Never-married,,Own-child,Asian-Pac-Islander,Female,0,0,20,Laos,0
39,Private,247558,Some-college,10,Never-married,Sales,Not-in-family,White,Male,0,0,41,United-States,0
36,Private,296999,Some-college,10,Divorced,Craft-repair,Not-in-family,White,Female,0,0,37,United-States,0
40,Federal-gov,189610,HS-grad,9,Divorced,Adm-clerical,Not-in-family,Black,Female,0,0,52,United-States,0
47,Self-emp-not-inc,228660,Some-college,10,Married-civ-spouse,Craft-repair,Husband,White,Male,0,1977,40,United-States,1
58,Private,224854,HS-grad,9,Never-married,Adm-clerical,Not-in-family,White,Female,0,0,40,United-States,0
69,Private,183791,HS-grad,9,Divorced,Adm-clerical,Not-in-family,White,Female,0,0,25,United-States,0
43,Private,191196,HS-grad,9,Divorced,Other-service,Not-in-family,White,Male,0,0,40,United-States,0
30,Self-emp-not-inc,223212,Bachelors,13,Never-married,Sales,Unmarried,White,Male,0,0,40,United-States,0
54,Private,351760,Some-college,10,Divorced,Adm-clerical,Not-in-family,White,Female,0,0,35,United-States,0
47,Local-gov,265097,HS-grad,9,Married-civ-spouse,Other-service,Husband,White,Male,4386,0,40,United-States,1
35,Private,101978,HS-grad,9,Separated,Transport-moving,Not-in-family,White,Male,0,0,50,United-States,0
44,Private,205051,10th,6,Divorced,Adm-clerical,Unmarried,White,Female,0,0,40,United-States,0
24,Private,124242,HS-grad,9,Never-married,Adm-clerical,Own-child,White,Female,0,0,40,United-States,0
43,Private,175224,HS-grad,9,Married-civ-spouse,Other-service,Husband,White,Male,0,0,60,Nicaragua,0
61,Self-emp-not-inc,115882,1st-4th,2,Married-civ-spouse,Craft-repair,Husband,White,Male,0,0,20,United-States,0
43,Private,200734,HS-grad,9,Separated,Other-service,Not-in-family,Black,Female,0,0,40,United-States,0
42,Private,106679,HS-grad,9,Married-civ-spouse,Craft-repair,Husband,White,Male,0,0,50,United-States,1
56,Self-emp-not-inc,357118,Bachelors,13,Never-married,Exec-managerial,Not-in-family,White,Female,0,0,60,United-States,0
33,State-gov,37070,Masters,14,Married-civ-spouse,Prof-specialty,Husband,White,Male,0,0,60,Canada,0
51,Self-emp-not-inc,381769,HS-grad,9,Married-civ-spouse,Farming-fishing,Husband,White,Male,0,0,50,United-States,0
51,Federal-gov,282680,Doctorate,16,Never-married,Prof-specialty,Not-in-family,White,Female,0,1564,70,United-States,1
21,Private,202871,HS-grad,9,Never-married,Machine-op-inspct,Own-child,White,Male,0,0,20,United-States,0
35,Private,46385,HS-grad,9,Married-civ-spouse,Transport-moving,Husband,White,Male,5178,0,90,United-States,1
37,Private,91716,HS-grad,9,Divorced,Sales,Unmarried,White,Male,0,0,75,United-States,0
24,Private,222005,HS-grad,9,Never-married,Other-service,Other-relative,White,Male,0,0,30,United-States,0
23,,146399,Bachelors,13,Never-married,,Not-in-family,White,Male,0,0,55,United-States,0
27,State-gov,122540,Some-college,10,Never-married,Craft-repair,Other-relative,White,Male,0,0,40,United-States,0
27,Private,174419,Bachelors,13,Never-married,Prof-specialty,Not-in-family,White,Female,0,0,40,United-States,0
61,Private,171429,11th,7,Divorced,Other-service,Unmarried,White,Female,0,0,36,United-States,0
39,Private,172186,HS-grad,9,Married-civ-spouse,Other-service,Husband,White,Male,5013,0,40,United-States,0
45,Private,140644,HS-grad,9,Married-civ-spouse,Sales,Husband,White,Male,0,0,50,United-States,1
90,Private,52386,Some-college,10,Never-married,Other-service,Not-in-family,Asian-Pac-Islander,Male,0,0,35,United-States,0
41,Private,144032,HS-grad,9,Married-civ-spouse,Exec-managerial,Husband,White,Male,0,0,60,United-States,0
49,Local-gov,116892,Bachelors,13,Divorced,Prof-specialty,Not-in-family,Black,Female,0,0,40,United-States,0
25,Private,404616,Masters,14,Married-civ-spouse,Farming-fishing,Not-in-family,White,Male,0,0,99,United-States,1
20,Private,102607,HS-grad,9,Never-married,Handlers-cleaners,Own-child,White,Male,0,0,30,United-States,0
52,Private,146015,HS-grad,9,Married-civ-spouse,Craft-repair,Husband,White,Male,0,0,40,United-States,0
17,Private,73338,11th,7,Never-married,Sales,Own-child,White,Male,0,0,20,United-States,0
21,State-gov,184678,Some-college,10,Never-married,Adm-clerical,Own-child,White,Female,0,0,35,United-States,0
49,Private,332355,HS-grad,9,Married-civ-spouse,Exec-managerial,Husband,White,Male,0,0,40,United-States,0
52,Private,358554,HS-grad,9,Married-civ-spouse,Machine-op-inspct,Husband,Black,Male,0,0,40,United-States,1
30,Private,118861,Some-college,10,Married-civ-spouse,Adm-clerical,Husband,Asian-Pac-Islander,Male,0,0,50,United-States,1
32,Local-gov,190889,Masters,14,Never-married,Prof-specialty,Not-in-family,Other,Female,0,0,40,,0
26,Private,261278,Some-college,10,Separated,Sales,Other-relative,Black,Male,0,0,30,United-States,0
32,Private,101709,Bachelors,13,Married-civ-spouse,Prof-specialty,Husband,Asian-Pac-Islander,Male,0,0,40,United-States,1
17,Private,132859,10th,6,Never-married,Other-service,Other-relative,White,Male,0,0,35,United-States,0
25,Private,122999,HS-grad,9,Never-married,Craft-repair,Own-child,White,Male,0,0,40,United-States,0
30,Private,53206,Bachelors,13,Married-civ-spouse,Prof-specialty,Husband,White,Male,0,0,47,United-States,1
60,Federal-gov,54701,Bachelors,13,Married-civ-spouse,Prof-specialty,Husband,White,Male,0,0,40,United-States,1
35,Private,24106,Some-college,10,Married-civ-spouse,Exec-managerial,Husband,White,Male,0,0,40,United-States,1
23,Private,176724,11th,7,Married-civ-spouse,Machine-op-inspct,Husband,White,Male,0,0,40,Puerto-Rico,0
35,Private,150309,Some-college,10,Married-civ-spouse,Transport-moving,Husband,Amer-Indian-Eskimo,Male,0,1887,40,United-States,1
32,Self-emp-inc,124052,HS-grad,9,Married-civ-spouse,Sales,Husband,White,Male,0,0,50,United-States,0
23,Private,152328,Bachelors,13,Never-married,Prof-specialty,Own-child,White,Male,13550,0,50,United-States,1
53,Private,30447,HS-grad,9,Divorced,Machine-op-inspct,Not-in-family,White,Male,0,0,50,United-States,0
35,Private,241153,Assoc-voc,11,Never-married,Tech-support,Not-in-family,White,Male,0,0,40,United-States,0
50,Private,46155,Assoc-voc,11,Divorced,Prof-specialty,Unmarried,White,Female,0,0,40,United-States,1
55,Private,175071,Some-college,10,Married-civ-spouse,Craft-repair,Husband,Black,Male,15024,0,40,United-States,1
38,Private,301743,HS-grad,9,Divorced,Other-service,Not-in-family,White,Female,0,0,35,United-States,0
22,Private,379778,HS-grad,9,Never-married,Other-service,Not-in-family,White,Male,0,0,40,United-States,0
26,Private,335533,HS-grad,9,Never-married,Craft-repair,Own-child,White,Male,0,0,20,United-States,0
32,Local-gov,194901,Assoc-acdm,12,Married-civ-spouse,Exec-managerial,Husband,White,Male,0,2057,70,United-States,0
34,Private,230246,Bachelors,13,Married-civ-spouse,Prof-specialty,Husband,White,Male,0,0,42,United-States,1
30,,335124,Some-college,10,Never-married,,Not-in-family,White,Female,0,0,36,United-States,0
28,Private,76129,HS-grad,9,Never-married,Machine-op-inspct,Unmarried,White,Female,0,0,40,Guatemala,0
17,Private,190941,10th,6,Never-married,Sales,Own-child,White,Female,0,0,20,United-States,0
67,State-gov,261203,7th-8th,4,Married-civ-spouse,Transport-moving,Husband,White,Male,0,0,35,United-States,0
18,Private,421350,11th,7,Never-married,Handlers-cleaners,Own-child,White,Male,0,0,20,United-States,0
48,,136455,Some-college,10,Divorced,,Not-in-family,White,Female,0,0,16,United-States,0
36,Private,37522,Bachelors,13,Married-civ-spouse,Sales,Husband,White,Male,15024,0,50,United-States,1
50,Private,301024,Bachelors,13,Separated,Sales,Not-in-family,White,Male,0,0,40,United-States,1
56,Private,357939,HS-grad,9,Married-civ-spouse,Machine-op-inspct,Husband,White,Male,0,0,40,United-States,0
33,Private,98168,HS-grad,9,Married-civ-spouse,Craft-repair,Husband,White,Male,0,0,30,United-States,1
32,Private,178623,HS-grad,9,Never-married,Other-service,Not-in-family,Black,Female,0,0,40,,0
26,Private,102264,Some-college,10,Never-married,Craft-repair,Not-in-family,White,Male,0,0,40,United-States,0
28,Private,336951,HS-grad,9,Married-civ-spouse,Exec-managerial,Husband,White,Male,0,0,50,United-States,1
39,Private,86551,HS-grad,9,Married-civ-spouse,Other-service,Husband,White,Male,0,0,40,United-States,1
53,Self-emp-inc,155983,Masters,14,Married-civ-spouse,Sales,Husband,White,Male,0,0,65,United-States,1
45,Private,480717,Bachelors,13,Married-civ-spouse,Other-service,Husband,Asian-Pac-Islander,Male,0,0,38,,0
23,Private,171705,HS-grad,9,Never-married,Sales,Unmarried,White,Female,0,0,48,United-States,0
40,State-gov,119578,Bachelors,13,Never-married,Prof-specialty,Unmarried,White,Female,0,0,20,United-States,0
44,Private,111067,Some-college,10,Married-civ-spouse,Craft-repair,Husband,White,Male,0,0,40,United-States,0
